,City,Lat,Lng,Max_temp,Humidity,Cloudiness,Wind_speed,Country,Date
0,Mar del Plata,-38.0,-57.56,68.0,34,0,4.7,AR,1598035260
1,Tual,-5.67,132.75,79.41,84,64,12.86,ID,1598035437
2,San Patricio,19.22,-104.7,87.8,74,75,5.82,MX,1598035546
3,Jacareacanga,-6.22,-57.75,93.2,56,20,5.82,BR,1598035546
4,Ushuaia,-54.8,-68.3,46.4,61,75,16.11,AR,1598035546
5,Atuona,-9.8,-139.03,78.53,79,7,15.32,PF,1598035547
6,Rikitea,-23.12,-134.97,65.79,67,0,22.12,PF,1598035547
7,Ambon City,-3.7,128.18,78.12,85,73,7.31,ID,1598035438
8,Kavieng,-2.57,150.8,81.95,80,4,11.01,PG,1598035427
9,Ancud,-41.87,-73.82,57.99,81,0,4.7,CL,1598035425
10,Neuquén,-38.95,-68.06,68.0,32,0,4.7,AR,1598035548
11,Birjand,32.87,59.22,78.8,16,0,9.17,IR,1598035548
12,Saldanha,-33.01,17.94,55.4,76,0,8.05,ZA,1598035429
13,New Norfolk,-42.78,147.06,35.01,87,4,2.26,AU,1598035549
14,Gobō,33.88,135.15,82.4,83,75,1.12,JP,1598035549
15,Mpika,-11.83,31.45,64.71,51,9,10.33,ZM,1598035550
16,Mezen',65.85,44.24,56.97,87,100,3.02,RU,1598035323
17,Busselton,-33.65,115.33,50.0,75,100,7.09,AU,1598035415
18,Hilo,19.73,-155.09,77.0,83,90,5.82,US,1598035550
19,Barrow,71.29,-156.79,44.6,100,90,8.05,US,1598035416
20,Punta Arenas,-53.15,-70.92,48.2,66,75,16.11,CL,1598035551
21,Vaini,-21.2,-175.2,73.4,100,75,2.24,TO,1598035551
22,Porto Murtinho,-21.7,-57.88,59.83,45,0,7.49,BR,1598035551
23,Ilulissat,69.22,-51.1,46.4,52,20,3.36,GL,1598035472
24,Puerto Ayora,-0.74,-90.35,75.2,57,75,20.8,EC,1598035552
25,Bluff,-46.6,168.33,48.0,97,54,3.0,NZ,1598035552
26,Neryungri,56.67,124.65,47.59,88,5,2.28,RU,1598035552
27,Kapaa,22.08,-159.32,80.6,74,90,11.41,US,1598035553
28,Cherskiy,68.75,161.3,39.2,82,100,13.58,RU,1598035553
29,Henties Bay,-22.12,14.28,63.18,32,17,10.33,NA,1598035553
30,Albany,42.6,-73.97,84.99,43,61,8.63,US,1598035547
31,Laredo,27.51,-99.51,96.8,34,1,14.99,US,1598035541
32,Touros,-5.2,-35.46,80.6,78,75,11.41,BR,1598035554
33,Jumla,29.27,82.18,62.82,69,97,0.38,NP,1598035554
34,Conceição do Araguaia,-8.26,-49.26,103.64,14,65,2.48,BR,1598035554
35,Dingle,11.0,122.67,75.78,89,0,1.01,PH,1598035422
36,Hermanus,-34.42,19.23,52.0,91,75,4.45,ZA,1598035555
37,Jand,33.43,72.02,85.3,67,2,7.74,PK,1598035555
38,Arraial do Cabo,-22.97,-42.03,68.0,77,75,10.29,BR,1598035350
39,Amga,60.9,131.96,37.53,78,1,1.43,RU,1598035556
40,Bairiki Village,1.33,172.98,80.6,83,20,3.36,KI,1598035435
41,Tura,25.52,90.22,74.53,93,69,5.14,IN,1598035556
42,Qaanaaq,77.48,-69.36,40.24,79,77,4.9,GL,1598035428
43,Pervoye Maya,56.16,44.72,61.0,93,40,3.51,RU,1598035557
44,Cidreira,-30.18,-50.21,52.92,51,0,10.83,BR,1598035557
45,Mikkeli,61.69,27.27,64.4,63,0,2.24,FI,1598035532
46,Taltal,-25.4,-70.48,64.33,47,18,7.49,CL,1598035558
47,George Town,5.41,100.34,80.6,94,40,5.82,MY,1598035288
48,Alyangula,-13.85,136.42,60.8,93,0,4.7,AU,1598035431
49,Puerto Rico,-26.8,-55.02,56.52,38,0,4.92,AR,1598035559
50,Mataura,-46.19,168.86,48.0,97,62,3.0,NZ,1598035559
51,Hobart,-42.88,147.33,35.6,85,40,3.36,AU,1598035426
52,Diamantino,-14.41,-56.45,68.79,46,13,13.13,BR,1598035559
53,Butaritari,3.07,172.79,82.54,63,100,2.08,KI,1598035560
54,Bethel,41.37,-73.41,86.0,51,20,9.17,US,1598035349
55,La Santisima Trinidad,-14.83,-64.9,58.39,37,100,8.9,BO,1598035560
56,Lebu,-37.62,-73.65,54.28,69,0,16.49,CL,1598035560
57,Mehamn,71.04,27.85,57.2,82,75,11.41,NO,1598035561
58,Newport,51.59,-3.0,66.0,81,100,4.0,GB,1598035561
59,Bambanglipuro,-7.95,110.28,74.1,87,100,4.43,ID,1598035561
60,Port Hardy,50.7,-127.42,57.2,100,90,4.7,CA,1598035561
61,Geraldton,-28.77,114.6,57.2,76,90,3.36,AU,1598035562
62,Oblivskaya,48.54,42.5,68.11,46,94,6.11,RU,1598035328
63,Mount Gambier,-37.83,140.77,44.6,87,75,12.75,AU,1598035562
64,Cape Town,-33.93,18.42,55.99,93,2,4.7,ZA,1598035328
65,Joshīmath,30.57,79.57,65.8,60,100,0.38,IN,1598035563
66,Port Elizabeth,-33.92,25.57,53.6,93,0,4.7,ZA,1598035415
67,Mayo,38.89,-76.51,84.99,83,20,12.75,US,1598035563
68,Logansport,40.75,-86.36,82.4,54,1,3.38,US,1598035564
69,Longyearbyen,78.22,15.64,44.6,75,75,2.24,SJ,1598035564
70,Santa Margherita Ligure,44.33,9.21,81.0,39,0,3.0,IT,1598035564
71,Camacha,33.08,-16.33,75.2,78,20,13.87,PT,1598035564
72,Saint-Philippe,-21.36,55.77,68.0,60,20,6.93,RE,1598035565
73,Labuhan,-6.88,112.21,77.76,72,100,11.01,ID,1598035565
74,Esperance,-33.87,121.9,46.4,93,100,4.7,AU,1598035565
75,Itarema,-2.92,-39.92,83.41,66,16,18.63,BR,1598035565
76,Ixtapa,20.7,-105.2,84.99,79,75,5.82,MX,1598035566
77,Te Anau,-45.42,167.72,42.33,88,82,0.69,NZ,1598035566
78,Tilichiki,60.47,166.1,45.39,98,100,7.02,RU,1598035566
79,Ponta do Sol,32.67,-17.1,77.0,78,40,10.29,PT,1598035566
80,Aktobe,50.28,57.21,60.8,51,59,4.47,KZ,1598035567
81,Mishan,45.55,131.88,52.48,85,0,2.64,CN,1598035567
82,San Cristobal,7.77,-72.22,89.6,55,40,13.87,VE,1598035567
83,Bima,-8.47,118.72,72.68,78,0,3.2,ID,1598035568
84,Fairbanks,64.84,-147.72,51.8,100,75,3.36,US,1598035440
85,Mackay,-21.15,149.2,50.0,87,0,5.82,AU,1598035568
86,Aldan,58.6,125.39,50.65,97,100,2.04,RU,1598035531
87,Hamilton,39.18,-84.53,86.0,54,1,6.93,US,1598035347
88,Loandjili,-4.76,11.86,75.2,83,40,6.93,CG,1598035569
89,América Dourada,-11.46,-41.44,85.71,36,29,12.48,BR,1598035569
90,Cockburn Town,21.46,-71.14,87.8,62,40,11.41,TC,1598035569
91,Alofi,-19.06,-169.92,71.6,100,0,2.24,NU,1598035570
92,Bredasdorp,-34.53,20.04,55.4,87,80,2.24,ZA,1598035423
93,Sandy Bay,-42.91,147.35,35.6,83,40,3.36,AU,1598035570
94,Asău,46.43,26.4,64.0,88,1,3.13,RO,1598035570
95,Saint Paul Harbor,57.79,-152.41,62.87,66,0,5.03,US,1598035571
96,Krasnosel'kup,65.7,82.47,49.8,85,0,9.66,RU,1598035571
97,Lorengau,-2.02,147.27,82.85,72,46,8.59,PG,1598035421
98,Sinnamary,5.38,-52.95,84.36,67,3,13.2,GF,1598035571
99,Iqaluit,63.75,-68.51,53.6,66,75,4.63,CA,1598035415
100,Mount Isa,-20.73,139.5,55.4,30,4,6.93,AU,1598035572
101,Pisco,-13.7,-76.22,63.0,87,90,8.05,PE,1598035572
102,Tasiilaq,65.61,-37.64,50.0,53,20,11.41,GL,1598035572
103,Yellowknife,62.46,-114.35,55.4,62,40,11.41,CA,1598035572
104,Tadpatri,14.92,78.02,80.01,73,100,12.82,IN,1598035573
105,Mokrous,51.23,47.52,57.56,75,0,8.41,RU,1598035573
106,Hithadhoo,-0.6,73.08,82.49,80,86,14.29,MV,1598035573
107,Isangel,-19.55,169.27,72.37,83,40,6.67,VU,1598035573
108,Qasigiannguit,68.82,-51.19,46.4,52,20,3.36,GL,1598035574
109,Kotel'nich,58.31,48.35,54.95,82,100,4.68,RU,1598035574
110,Thompson,55.74,-97.86,60.8,72,75,10.29,CA,1598035574
111,Grindavik,63.84,-22.43,59.0,58,0,14.99,IS,1598035574
112,Rocha,-34.48,-54.33,56.39,55,0,9.66,UY,1598035575
113,Katsuura,35.13,140.3,80.01,87,2,3.83,JP,1598035430
114,Carnarvon,-24.87,113.63,57.2,100,76,5.82,AU,1598035575
115,Urucará,-2.54,-57.76,102.24,20,17,5.86,BR,1598035575
116,Bambous Virieux,-20.34,57.76,71.6,64,75,6.93,MU,1598035576
117,Vila Franca do Campo,37.72,-25.43,77.0,78,40,4.7,PT,1598035576
118,Bouna,9.27,-3.0,76.77,80,0,3.38,CI,1598035576
119,Port Montt,-41.47,-72.94,48.2,81,90,10.29,CL,1598035576
120,Port Alfred,-33.59,26.89,58.8,72,0,11.5,ZA,1598035576
121,Casambalangan,18.38,122.13,78.35,82,80,2.95,PH,1598035577
122,Hokitika,-42.72,170.97,51.37,88,97,0.96,NZ,1598035577
123,Srednekolymsk,67.45,153.68,39.58,73,100,11.03,RU,1598035577
124,Avera,33.19,-82.53,82.4,74,40,5.82,US,1598035578
125,Acapulco de Juárez,16.86,-99.89,87.8,66,40,3.36,MX,1598035360
126,Khatanga,71.97,102.5,43.47,66,0,12.86,RU,1598035578
127,Tiksi,71.69,128.87,37.85,85,100,9.53,RU,1598035578
128,Nacogdoches,31.6,-94.63,91.0,40,1,5.82,US,1598035422
129,Vila Velha,-20.33,-40.29,71.6,68,75,18.34,BR,1598035579
130,Olafsvik,64.89,-23.71,54.1,60,0,17.09,IS,1598035439
131,Codrington,-38.27,141.97,44.08,90,100,16.78,AU,1598035579
132,Bengkulu,-3.8,102.27,76.01,87,89,4.23,ID,1598035579
133,Kavaratti,10.57,72.64,82.17,82,100,12.97,IN,1598035580
134,Jamestown,42.1,-79.24,82.0,57,75,10.29,US,1598035416
135,Anadyr,64.75,177.48,50.0,100,90,17.9,RU,1598035447
136,Baishishan,43.58,127.57,56.88,82,18,2.24,CN,1598035580
137,Gamba,-2.65,10.0,73.83,81,88,8.23,GA,1598035445
138,Los Llanos de Aridane,28.66,-17.92,79.0,73,20,8.05,ES,1598035581
139,Paso de Carrasco,-34.86,-56.05,59.0,28,0,13.87,UY,1598035581
140,Nikolskoye,59.7,30.79,68.0,60,0,2.24,RU,1598035581
141,Saint-Pierre,-21.34,55.48,68.0,60,20,6.93,RE,1598035582
142,Aksarka,66.56,67.8,52.14,86,0,16.33,RU,1598035582
143,Whitehorse,60.72,-135.05,55.0,93,75,4.7,CA,1598035442
144,Pevek,69.7,170.31,38.91,87,100,2.04,RU,1598035583
145,Nipawin,53.37,-104.0,62.6,87,90,14.99,CA,1598035583
146,Prieska,-29.66,22.75,51.31,38,0,3.76,ZA,1598035583
147,Chui,-33.7,-53.46,56.52,53,0,8.84,UY,1598035583
148,Frontera,26.93,-101.45,98.01,25,75,5.12,MX,1598035584
149,Fes,34.04,-5.0,93.2,28,20,10.29,MA,1598035507
150,Tokonou,9.65,-9.78,72.75,94,100,3.36,GN,1598035584
151,Sandviken,60.62,16.77,71.01,57,100,7.0,SE,1598035584
152,Vostok,46.49,135.88,46.67,98,69,3.94,RU,1598035585
153,Hasaki,35.73,140.83,75.2,94,20,3.36,JP,1598035585
154,Pokhara,28.23,83.98,72.18,81,97,1.1,NP,1598035585
155,Fortuna,40.6,-124.16,80.01,69,0,4.0,US,1598035586
156,Varkaus,62.32,27.87,63.0,93,0,3.36,FI,1598035586
157,Vanavara,60.34,102.28,53.83,77,100,2.86,RU,1598035586
158,Petropavlovsk-Kamchatskiy,53.05,158.65,48.2,93,20,4.47,RU,1598035586
159,Jadu,31.95,12.03,81.68,33,0,8.39,LY,1598035587
160,Phalodi,27.13,72.37,91.96,55,86,8.14,IN,1598035587
161,Antalaha,-14.9,50.28,67.66,84,0,9.06,MG,1598035588
162,Sydney Mines,46.24,-60.22,73.0,52,75,8.05,CA,1598035588
163,Ekhabi,53.51,142.97,51.13,89,0,9.15,RU,1598035588
164,Montluçon,46.33,2.6,70.0,81,92,1.99,FR,1598035589
165,Palāsa,18.77,84.42,79.66,89,100,9.37,IN,1598035589
166,Escalerillas,22.13,-101.07,78.8,27,20,5.44,MX,1598035589
167,Talant,47.34,5.01,82.4,54,91,17.22,FR,1598035589
168,Russellville,35.28,-93.13,84.2,54,75,5.82,US,1598035563
169,Yaan,7.38,8.57,70.97,98,88,4.92,NG,1598035590
170,Tirat Carmel,32.76,34.97,81.0,81,0,5.95,IL,1598035590
171,Ambanja,-13.68,48.45,73.44,78,97,1.83,MG,1598035590
172,Aljezur,37.32,-8.8,72.0,74,0,1.99,PT,1598035591
173,Constitución,-35.33,-72.42,62.55,53,0,5.39,CL,1598035591
174,Saint-Augustin,51.23,-58.65,65.37,46,100,14.63,CA,1598035439
175,Tuatapere,-46.13,167.68,48.0,97,20,3.0,NZ,1598035430
176,Carlos Chagas,-17.7,-40.77,80.15,57,61,12.84,BR,1598035592
177,Gladstone,-23.85,151.25,55.4,71,0,6.93,AU,1598035592
178,Saravan,39.72,45.65,84.2,35,1,11.41,AM,1598035592
179,Naze,28.37,129.48,77.0,94,0,3.36,JP,1598035592
180,Saskylakh,71.92,114.08,35.42,90,19,6.26,RU,1598035593
181,Chokurdakh,70.63,147.92,34.56,95,99,7.25,RU,1598035593
182,Naro Moru,-0.17,37.02,57.67,79,39,12.17,KE,1598035593
183,Hong Kong,22.29,114.16,82.0,78,100,4.0,HK,1598035482
184,Mbini,1.57,9.61,80.6,83,40,11.41,GQ,1598035593
185,Pakokku,21.33,95.1,79.97,81,97,8.84,MM,1598035594
186,Dikson,73.51,80.55,44.17,78,0,13.73,RU,1598035594
187,Vilyuysk,63.76,121.62,40.15,71,0,4.5,RU,1598035594
188,Avenal,36.0,-120.13,91.0,31,90,10.29,US,1598035595
189,Margate,51.38,1.39,71.01,63,0,4.0,GB,1598035310
190,Marabba,12.35,32.18,83.71,66,100,3.51,SD,1598035595
191,Pandan,14.05,124.17,80.28,88,100,7.72,PH,1598035595
192,Ajdabiya,30.76,20.23,80.78,63,0,16.4,LY,1598035595
193,Bloomfield,40.81,-74.19,87.01,51,1,9.17,US,1598035596
194,Mitsamiouli,-11.38,43.28,75.2,78,20,4.7,KM,1598035596
195,Marsh Harbour,26.54,-77.06,84.92,72,0,14.5,BS,1598035596
196,Kismayo,-0.36,42.55,76.87,78,98,16.37,SO,1598035596
197,Shaki,41.08,47.17,80.6,50,0,4.7,AZ,1598035597
198,Caravelas,-17.71,-39.25,73.76,87,54,7.87,BR,1598035597
199,Lagoa,39.05,-27.98,69.12,62,0,3.76,PT,1598035597
200,Gävle,60.67,17.14,71.01,56,100,3.0,SE,1598035301
201,Mocuba,-16.84,36.99,66.22,90,1,3.42,MZ,1598035598
202,Clyde River,70.47,-68.59,43.99,82,97,1.83,CA,1598035598
203,Half Moon Bay,37.46,-122.43,81.0,88,40,8.05,US,1598035598
204,Ribeira Grande,38.52,-28.7,73.4,73,75,4.7,PT,1598035427
205,Nome,64.5,-165.41,52.0,87,90,3.74,US,1598035599
206,Ust'-Kut,56.79,105.77,58.84,64,100,1.16,RU,1598035599
207,Tuktoyaktuk,69.45,-133.04,50.94,77,0,2.3,CA,1598035599
208,Bandarbeyla,9.49,50.81,76.75,78,80,29.93,SO,1598035599
209,Honningsvåg,70.98,25.97,57.2,76,75,1.12,NO,1598035600
210,Faanui,-16.48,-151.75,77.63,79,9,24.14,PF,1598035600
211,Tyup,42.73,78.36,53.42,60,16,3.42,KG,1598035600
212,Fukagawa,43.71,142.04,53.13,76,100,1.25,JP,1598035601
213,Castro,-24.79,-50.01,43.57,87,100,5.82,BR,1598035601
214,Nabire,-3.37,135.48,74.61,88,4,3.87,ID,1598035447
215,Airai,-8.93,125.41,57.56,52,0,3.29,TL,1598035601
216,Goderich,43.75,-81.72,78.01,75,0,7.47,CA,1598035554
217,Yangi Marg`ilon,40.43,71.72,73.4,49,0,6.93,UZ,1598035602
218,Lavrentiya,65.58,-171.0,47.35,91,100,5.97,RU,1598035602
219,Jutaí,-5.18,-68.9,88.41,50,38,5.75,BR,1598035602
220,Sur,22.57,59.53,84.87,65,100,14.74,OM,1598035602
221,Mahébourg,-20.41,57.7,71.6,64,75,6.93,MU,1598035603
222,Nantucket,41.28,-70.1,73.4,73,1,14.99,US,1598035535
223,Turukhansk,65.82,87.98,54.32,68,100,10.29,RU,1598035603
224,Les Cayes,18.2,-73.75,86.83,69,18,8.08,HT,1598035603
225,Lakes Entrance,-37.88,147.98,34.0,91,0,13.85,AU,1598035604
226,Trairi,-3.28,-39.27,83.14,66,0,16.67,BR,1598035433
227,Ambilobe,-13.2,49.05,68.74,79,43,3.76,MG,1598035550
228,Trondheim,63.43,10.4,71.01,57,100,5.01,NO,1598035502
229,Lata,40.16,-8.33,73.99,64,100,7.0,PT,1598035414
230,Puerto Colombia,10.99,-74.95,91.4,59,40,3.36,CO,1598035605
231,Puerto Nariño,-3.77,-70.38,71.6,100,90,9.17,CO,1598035605
232,Saint George,37.1,-113.58,99.0,23,1,3.36,US,1598035421
233,Finschhafen,-6.6,147.87,78.31,79,47,7.38,PG,1598035606
234,Upernavik,72.79,-56.15,45.34,66,51,9.51,GL,1598035417
235,Ayr,55.46,-4.63,62.6,82,40,10.29,GB,1598035606
236,Shache,38.42,77.24,68.9,38,0,7.65,CN,1598035607
237,Gigmoto,13.78,124.39,80.98,85,100,6.93,PH,1598035607
238,Sola,-13.88,167.55,81.0,84,99,18.5,VU,1598035607
239,Kiryat Gat,31.61,34.76,81.0,73,0,0.72,IL,1598035607
240,Assiniboia,49.63,-105.98,82.62,28,0,16.28,CA,1598035608
241,Belmonte,-15.86,-38.88,78.8,65,75,8.05,BR,1598035608
242,Pimentel,-6.84,-79.93,69.8,60,5,14.99,PE,1598035608
243,North Bend,43.41,-124.22,69.01,88,90,5.82,US,1598035609
244,Hofn,64.25,-15.21,54.23,51,1,15.17,IS,1598035609
245,Rotenburg,53.12,9.4,78.01,69,97,7.0,DE,1598035609
246,Norman Wells,65.28,-126.83,62.6,59,75,18.34,CA,1598035325
247,Souillac,-20.52,57.52,71.6,64,75,6.93,MU,1598035610
248,São Filipe,14.9,-24.5,77.65,73,44,6.22,CV,1598035417
249,Nekā,36.65,53.3,73.99,75,0,5.23,IR,1598035611
250,Antropovo,58.4,43.01,51.24,79,0,2.84,RU,1598035611
251,Velizh,55.61,31.2,52.84,96,0,0.47,RU,1598035611
252,Bilibino,68.05,166.44,40.39,83,100,6.64,RU,1598035418
253,Hambantota,6.12,81.12,80.6,94,67,8.05,LK,1598035612
254,Erzin,36.96,36.2,80.01,82,89,3.24,TR,1598035612
255,Bridlington,54.08,-0.19,66.2,68,100,20.8,GB,1598035612
256,Dinar,38.06,30.17,77.0,33,0,9.17,TR,1598035613
257,Maputo,-25.97,32.59,62.6,82,75,5.82,MZ,1598035613
258,Ust'-Uda,54.17,103.03,56.84,86,100,2.84,RU,1598035613
259,Emba,48.83,58.14,63.14,50,0,8.21,KZ,1598035447
260,Kahului,20.89,-156.47,82.4,58,40,13.87,US,1598035613
261,Torbay,47.67,-52.73,72.0,49,40,21.92,CA,1598035384
262,Nagato,34.38,131.2,80.6,83,75,4.7,JP,1598035614
263,Inírida,3.87,-67.92,88.32,63,100,1.19,CO,1598035614
264,Maués,-3.38,-57.72,102.56,21,1,6.11,BR,1598035465
265,Gogrial,8.53,28.1,75.0,89,71,0.38,SS,1598035615
266,Vardø,70.37,31.11,50.0,100,75,16.11,NO,1598035615
267,Itarantim,-15.66,-40.07,81.43,51,37,5.75,BR,1598035615
268,Provideniya,64.38,-173.3,49.66,93,100,8.12,RU,1598035616
269,Majene,-3.54,118.97,76.17,83,0,10.56,ID,1598035616
270,Yeniseysk,58.45,92.17,55.76,97,28,4.94,RU,1598035430
271,Yar-Sale,66.83,70.83,54.3,86,76,11.72,RU,1598035435
272,Koslan,63.46,48.9,49.6,92,0,2.64,RU,1598035617
273,Pachino,36.72,15.09,82.0,71,0,4.94,IT,1598035618
274,Sayyan,15.17,44.32,69.96,31,100,7.96,YE,1598035618
275,Nelson Bay,-32.72,152.15,54.0,62,75,19.46,AU,1598035618
276,Skibbereen,51.55,-9.27,59.0,87,75,11.41,IE,1598035618
277,Neepawa,50.23,-99.47,77.0,83,90,5.82,CA,1598035619
278,Rotherham,53.43,-1.36,66.0,78,100,3.0,GB,1598035619
279,Muros,42.78,-9.06,69.01,79,0,13.0,ES,1598035619
280,Raahe,64.68,24.48,66.2,77,0,2.24,FI,1598035619
281,Issoire,45.55,3.25,77.0,65,75,9.17,FR,1598035620
282,Doha,25.29,51.53,98.6,23,0,9.17,QA,1598035451
283,Khandyga,62.67,135.6,39.02,73,3,2.8,RU,1598035620
284,Mingoyo,-10.1,39.63,73.4,83,75,3.78,TZ,1598035621
285,Yumen,40.28,97.2,72.57,36,93,4.81,CN,1598035621
286,Gaza,31.5,34.47,82.4,69,40,5.82,PS,1598035511
287,Simbahan,6.3,120.58,83.43,75,78,8.7,PH,1598035621
288,Port Augusta,-32.5,137.77,42.8,87,91,11.41,AU,1598035455
289,Gazli,40.13,63.45,76.57,19,0,16.13,UZ,1598035622
290,Cabo San Lucas,22.89,-109.91,84.99,78,40,6.93,MX,1598035432
291,Jacmel,18.23,-72.53,91.4,59,20,12.75,HT,1598035622
292,Meulaboh,4.14,96.13,77.45,87,99,4.83,ID,1598035435
293,Malbork,54.04,19.03,80.01,65,100,9.93,PL,1598035623
294,Praia da Vitória,38.73,-27.07,73.4,73,75,6.33,PT,1598035623
295,Avarua,-21.21,-159.78,75.2,83,51,17.22,CK,1598035623
296,Kruisfontein,-34.0,24.73,55.99,84,0,1.01,ZA,1598035624
297,Morón,-34.65,-58.62,62.6,18,0,9.17,AR,1598035624
298,Guerrero Negro,27.98,-114.06,96.19,35,80,24.32,MX,1598035624
299,Lompoc,34.64,-120.46,69.8,64,75,6.93,US,1598035624
300,Pinawa,50.15,-95.88,86.92,42,70,4.36,CA,1598035625
301,Alice Springs,-23.7,133.88,46.4,39,0,4.7,AU,1598035615
302,Laas,46.62,10.7,69.8,68,40,5.82,IT,1598035625
303,Dali,25.7,100.18,61.81,84,100,2.64,CN,1598035625
304,Belyy Yar,53.6,91.39,60.8,77,75,4.47,RU,1598035626
305,Shiroishi,38.0,140.62,75.0,68,100,1.34,JP,1598035626
306,Yerbogachën,61.28,108.01,52.88,92,51,2.95,RU,1598035626
307,Lugovoy,42.95,72.76,67.5,29,0,4.07,KZ,1598035626
308,Sibolga,1.74,98.78,77.0,84,100,3.53,ID,1598035627
309,Kaeo,-35.1,173.78,48.99,3,7,5.88,NZ,1598035627
310,Chaoyang,41.57,120.46,57.58,61,0,1.88,CN,1598035627
311,Mnogovershinnyy,53.94,139.92,43.56,79,0,4.63,RU,1598035627
312,Sitka,57.05,-135.33,60.8,77,40,4.7,US,1598035628
313,Dulce Nombre de Culmí,15.1,-85.53,81.45,81,98,0.83,HN,1598035628
314,Miandrivazo,-19.52,45.47,75.27,54,5,4.61,MG,1598035628
315,San Andrés,12.58,-81.7,86.0,84,40,8.05,CO,1598035629
316,Raudeberg,61.99,5.14,61.0,94,100,19.08,NO,1598035629
317,Khovd,48.01,91.64,61.7,38,36,5.1,MN,1598035630
318,Juneau,58.3,-134.42,57.2,87,90,3.36,US,1598035080
319,Harper,4.38,-7.72,75.9,81,52,8.84,LR,1598035630
320,Bar,49.08,27.68,65.93,88,0,6.26,UA,1598035630
321,Berbera,10.44,45.01,94.05,44,100,12.57,SO,1598035630
322,Hūn,29.13,15.95,83.53,35,0,18.25,LY,1598035631
323,Maceió,-9.67,-35.74,75.2,88,75,5.82,BR,1598035631
324,Chany,55.31,76.76,50.59,94,93,6.13,RU,1598035631
325,Kampene,-3.6,26.67,73.08,79,100,3.04,CD,1598035632
326,Sembakung,3.82,117.25,74.37,96,5,2.01,ID,1598035632
327,East London,-33.02,27.91,60.58,67,0,9.95,ZA,1598035548
328,Ashti,19.38,76.23,74.59,87,100,10.76,IN,1598035633
329,Bethanien,-26.5,17.16,56.3,27,0,9.1,NA,1598035633
330,Lerwick,60.15,-1.15,59.0,93,75,3.36,GB,1598035633
331,Nhulunbuy,-12.23,136.77,68.0,94,0,3.36,AU,1598035633
332,Neiafu,-18.65,-173.98,75.2,94,20,16.71,TO,1598035634
333,Bathsheba,13.22,-59.52,87.8,74,75,11.41,BB,1598035634
334,Namatanai,-3.67,152.43,78.48,85,4,4.56,PG,1598035423
335,Coquimbo,-29.95,-71.34,59.0,62,0,10.29,CL,1598035635
336,Parry Sound,45.35,-80.03,73.0,77,40,5.01,CA,1598035533
337,Nurota,40.56,65.69,78.8,26,0,6.93,UZ,1598035635
338,Hammerfest,70.66,23.68,57.2,82,100,8.05,NO,1598035635
339,De Aar,-30.65,24.01,46.38,48,0,0.98,ZA,1598035636
340,Tautira,-17.73,-149.15,78.8,74,75,4.7,PF,1598035415
341,Cervo,43.67,-7.41,73.99,54,0,14.0,ES,1598035636
342,Söderhamn,61.3,17.06,72.0,70,100,3.0,SE,1598035637
343,Santo Antônio do Monte,-20.09,-45.29,63.59,65,39,13.24,BR,1598035637
344,Shitanjing,39.23,106.34,65.25,80,30,10.56,CN,1598035637
345,San Quintín,30.48,-115.95,85.14,51,0,10.92,MX,1598035638
346,Praia,14.92,-23.51,84.2,58,75,6.93,CV,1598035638
347,Maragogi,-9.01,-35.22,77.16,79,100,10.96,BR,1598035439
348,Sheridan,44.83,-106.92,84.99,34,1,8.05,US,1598035625
349,Villa Bruzual,9.33,-69.12,87.69,73,35,5.66,VE,1598035638
350,Charlestown,-32.95,151.67,53.01,73,55,8.99,AU,1598035639
351,Pochutla,15.74,-96.47,87.01,70,90,6.35,MX,1598035639
352,Haines Junction,60.75,-137.51,53.1,83,100,2.84,CA,1598035445
353,Severo-Kuril'sk,50.68,156.12,52.32,73,0,12.24,RU,1598035639
354,Berlevåg,70.86,29.09,57.2,82,75,11.41,NO,1598035640
355,Ulladulla,-35.35,150.47,48.0,61,0,23.04,AU,1598035640
356,Polovinnoye,54.79,65.99,52.39,95,14,4.59,RU,1598035640
357,Gachsaran,30.36,50.8,89.6,25,0,1.01,IR,1598035640
358,Knysna,-34.04,23.05,53.6,93,6,5.82,ZA,1598035547
359,Elko,41.0,-115.5,89.01,6,0,5.57,US,1598035487
360,Beringovskiy,63.05,179.32,51.57,93,100,18.63,RU,1598035641
361,Kharp,66.8,65.81,52.65,87,28,7.99,RU,1598035642
362,Dabola,10.75,-11.12,74.55,86,100,1.72,GN,1598035642
363,Hobyo,5.35,48.53,76.46,80,7,26.04,SO,1598035642
364,Stephenville,32.22,-98.2,93.2,32,40,4.7,US,1598035643
365,Beira,-19.84,34.84,71.6,68,75,20.8,MZ,1598035643
366,Dubbo,-32.25,148.62,44.6,93,75,10.29,AU,1598035643
367,Lipin Bor,60.26,37.98,59.43,83,0,5.66,RU,1598035643
368,Kawalu,-7.38,108.21,71.19,86,99,0.38,ID,1598035644
369,Kabalo,-6.05,26.92,81.64,41,0,1.43,CD,1598035644
370,Santa Marta,11.24,-74.2,89.6,70,40,6.93,CO,1598035595
371,Cap-aux-Meules,47.38,-61.86,66.2,68,90,19.46,CA,1598035644
372,Mananara,-16.17,49.77,64.98,86,8,4.34,MG,1598035645
373,Yinchuan,38.47,106.27,72.91,64,90,9.98,CN,1598035645
374,La Paz,-16.5,-68.15,62.6,23,75,13.87,BO,1598035549
375,Morgantown,39.63,-79.96,80.6,54,40,8.05,US,1598035600
376,Talnakh,69.49,88.4,57.2,87,100,6.71,RU,1598035646
377,Iquique,-20.22,-70.14,62.6,63,45,13.87,CL,1598035585
378,Esim,4.87,-2.24,75.33,87,72,7.38,GH,1598035646
379,Stornoway,58.21,-6.39,63.0,77,20,10.29,GB,1598035494
380,São João da Barra,-21.64,-41.05,71.6,64,90,13.87,BR,1598035647
381,Uthal,25.81,66.62,83.77,74,100,8.05,PK,1598035647
382,Vanimo,-2.67,141.3,78.49,86,36,5.08,PG,1598035647
383,Omboué,-1.57,9.26,74.7,78,94,9.95,GA,1598035648
384,Tacuarembó,-31.73,-55.98,54.88,44,0,6.62,UY,1598035648
385,Grand Gaube,-20.01,57.66,70.0,68,0,3.0,MU,1598035444
386,Ilhabela,-23.78,-45.36,59.77,88,100,10.96,BR,1598035649
387,Maţāy,28.42,30.78,84.81,40,0,16.08,EG,1598035649
388,Koróni,36.8,21.95,82.99,65,20,6.96,GR,1598035649
389,Okhotsk,59.38,143.3,47.66,74,8,2.82,RU,1598035649
390,Susanville,40.42,-120.65,82.99,14,1,3.36,US,1598035636
391,Kununurra,-15.77,128.73,66.2,64,78,2.08,AU,1598035650
392,Dukhovshchina,55.19,32.41,53.02,97,52,2.86,RU,1598035650
393,Pavlivka,49.44,28.46,65.86,84,0,5.64,UA,1598035650
394,Portland,45.52,-122.68,73.4,73,75,9.17,US,1598035575
395,North Platte,41.12,-100.77,90.0,40,1,8.05,US,1598035651
396,Wawa,9.9,4.42,74.93,90,100,3.36,NG,1598035651
397,Manbij,36.53,37.95,82.4,37,23,10.29,SY,1598035651
398,Kaitangata,-46.28,169.85,46.0,90,92,5.01,NZ,1598035429
399,Mangawān,24.68,81.55,77.68,86,92,13.96,IN,1598035652
400,Seoul,37.57,126.98,77.0,83,75,3.98,KR,1598035389
401,Iracoubo,5.48,-53.2,83.28,71,3,13.98,GF,1598035652
402,Qaqortoq,60.72,-46.03,59.0,44,20,6.93,GL,1598035652
403,Yulara,-25.24,130.99,48.2,42,0,8.05,AU,1598035653
404,Bama,11.52,13.69,77.47,79,20,5.23,NG,1598035653
405,Narsaq,60.92,-46.05,59.0,44,20,6.93,GL,1598035416
406,Tokur,53.13,132.9,49.8,97,100,4.21,RU,1598035654
407,Puerto Escondido,15.85,-97.07,84.2,66,75,5.82,MX,1598035654
408,Kidal,18.44,1.41,101.91,8,3,16.17,ML,1598035654
409,Ishigaki,24.34,124.16,81.12,86,100,27.42,JP,1598035383
410,Limbang,4.75,115.0,80.6,88,75,2.24,MY,1598035655
411,Severo-Yeniseyskiy,60.37,93.04,52.07,98,100,2.53,RU,1598035655
412,Khāsh,28.22,61.22,71.01,25,3,1.28,IR,1598035655
413,Mutsu,41.29,141.22,70.0,94,75,5.82,JP,1598035655
414,Panabá,21.28,-88.27,87.04,74,68,8.75,MX,1598035656
415,Salalah,17.02,54.09,77.0,100,90,4.7,OM,1598035401
416,Rio Grande City,26.38,-98.82,99.0,42,0,1.99,US,1598035651
417,Rawson,-43.3,-65.1,66.56,26,0,17.76,AR,1598035657
418,Havre-St-Pierre,50.23,-63.6,62.6,63,1,20.8,CA,1598035657
419,Le Marin,14.47,-60.87,78.8,94,40,5.82,MQ,1598035488
420,Concepción del Uruguay,-32.48,-58.24,63.0,23,0,1.99,AR,1598035657
421,Dhoraji,21.73,70.45,79.36,90,100,10.04,IN,1598035658
422,Plettenberg Bay,-34.05,23.37,56.88,82,0,4.7,ZA,1598035442
423,Mossamedes,-15.2,12.15,64.76,67,100,7.07,AO,1598035658
424,Cape Coast,5.11,-1.25,75.18,88,52,11.36,GH,1598035568
425,Melilla,35.29,-2.94,87.8,16,0,6.93,ES,1598035659
426,Alta Floresta,-9.88,-56.09,86.0,37,0,8.05,BR,1598035396
427,Taoudenni,22.68,-3.98,108.84,7,36,10.36,ML,1598035659
428,São José da Coroa Grande,-8.9,-35.15,77.61,77,100,11.14,BR,1598035660
429,Natchitoches,31.77,-93.13,91.4,43,40,3.6,US,1598035660
430,Tavda,58.04,65.27,52.9,98,36,6.02,RU,1598035660
431,Antiguo Morelos,22.55,-99.08,93.0,60,0,4.0,MX,1598035564
432,Juana Díaz,18.05,-66.51,91.99,64,98,5.99,PR,1598035661
433,Daru,-9.08,143.21,73.8,87,0,8.37,PG,1598035661
434,Merauke,-8.47,140.33,72.97,87,0,10.38,ID,1598035661
435,Coyhaique,-45.58,-72.07,59.0,38,20,4.7,CL,1598035661
436,Litovko,49.24,135.17,55.38,85,1,5.84,RU,1598035662
437,Bilma,18.69,12.92,95.4,32,85,13.4,NE,1598035662
438,Pangnirtung,66.15,-65.71,51.8,81,20,11.41,CA,1598035662
439,Carauari,-4.88,-66.9,93.65,38,0,4.83,BR,1598035663
440,Fort Nelson,58.81,-122.7,57.2,93,90,6.93,CA,1598035558
441,Lewisporte,49.25,-55.05,75.0,38,20,13.87,CA,1598035663
442,Zyryanka,65.75,150.85,38.91,73,100,12.57,RU,1598035663
443,Baghmara,23.8,86.21,80.53,82,100,2.53,IN,1598035663
444,Dergachi,51.23,48.77,58.1,73,0,8.81,RU,1598035664
445,Klaksvík,62.23,-6.59,55.4,87,100,14.99,FO,1598035664
446,Turaif,31.67,38.66,86.0,37,0,13.87,SA,1598035489
447,Saint Anthony,45.02,-93.22,86.0,54,40,12.75,US,1598035664
448,Sheffield,53.38,-1.47,66.0,78,100,3.0,GB,1598035573
449,Adrar,20.5,-10.07,99.93,21,73,20.76,MR,1598035665
450,Strezhevoy,60.73,77.59,53.6,93,90,8.95,RU,1598035665
451,Victor Harbor,-35.57,138.62,46.99,82,15,3.0,AU,1598035665
452,Nago,26.59,127.98,82.4,94,40,3.36,JP,1598035665
453,Malumfashi,11.79,7.62,71.06,89,100,4.97,NG,1598035666
454,Mindelo,16.89,-24.98,86.0,55,40,11.41,CV,1598035666
455,Karakol,42.49,78.39,53.85,64,0,2.21,KG,1598035666
456,Przhevalskoye,55.51,31.85,52.3,98,13,1.74,RU,1598035666
457,Saint-Joseph,-21.37,55.62,68.0,60,20,6.93,RE,1598035667
458,Soure,-0.72,-48.52,85.08,68,96,14.05,BR,1598035654
459,Laguna,38.42,-121.42,79.0,57,90,3.83,US,1598035667
460,Paka,4.64,103.44,75.2,94,81,4.7,MY,1598035668
461,Wanlaweyn,2.62,44.89,76.66,74,100,16.28,SO,1598035668
462,Kloulklubed,7.04,134.26,77.0,88,90,5.82,PW,1598035668
463,Olden,61.84,6.81,62.6,93,75,8.05,NO,1598035669
464,‘Ewa Beach,21.32,-158.01,82.4,65,1,4.7,US,1598035609
465,Uchaly,54.3,59.45,47.82,94,57,4.21,RU,1598035669
466,Tulsīpur,28.13,82.3,73.53,82,83,4.23,NP,1598035669
467,Methven,-43.63,171.65,45.0,99,1,3.36,NZ,1598035459
468,Kołobrzeg,54.18,15.58,81.0,47,100,10.94,PL,1598035670
469,Santa Barbara,34.42,-119.7,97.0,77,1,4.7,US,1598035378
470,Kolvereid,64.87,11.6,73.4,53,75,11.41,NO,1598035670
471,Sirte,31.21,16.59,80.46,68,0,12.62,LY,1598035438
472,Buckeye,33.37,-112.58,97.0,36,1,9.17,US,1598035482
473,Balikpapan,-1.27,116.83,76.78,87,100,2.37,ID,1598035598
474,Wau,7.7,28.0,73.83,91,97,1.72,SS,1598035671
475,Ostrovnoy,68.05,39.51,52.65,91,68,4.07,RU,1598035428
476,Quatre Cocos,-20.21,57.76,71.6,64,75,6.93,MU,1598035433
477,São Mateus,-18.72,-39.86,75.22,69,42,11.61,BR,1598035672
478,Rabo de Peixe,37.8,-25.58,77.0,78,20,5.82,PT,1598035672
479,Linxia Chengguanzhen,35.6,103.21,64.17,79,89,1.41,CN,1598035673
480,Danville,36.59,-79.39,71.01,94,90,5.82,US,1598035501
481,Beloit,42.51,-89.03,81.0,54,75,5.82,US,1598035673
482,Rome,43.21,-75.46,81.0,51,1,13.87,US,1598035422
483,Fuxin,42.02,121.66,61.7,61,0,1.63,CN,1598035674
484,Karratha,-20.74,116.85,71.01,31,0,8.95,AU,1598035674
485,Emerald,-23.53,148.17,55.4,37,0,9.17,AU,1598035674
486,Lilongwe,-13.97,33.79,68.18,50,87,5.88,MW,1598035644
487,Novokruchininskiy,51.78,113.77,59.0,93,100,0.89,RU,1598035675
488,Ola,59.58,151.28,47.32,60,99,11.74,RU,1598035514
489,Dwārka,22.24,68.97,82.74,86,100,14.41,IN,1598035675
490,Tessalit,20.2,1.01,102.58,8,16,14.72,ML,1598035676
491,San Ramon,37.78,-121.98,84.0,53,75,4.7,US,1598035442
492,Esso,55.93,158.7,46.56,82,100,5.35,RU,1598035676
493,Sørland,67.67,12.69,57.2,82,20,4.7,NO,1598035677
494,Fukuechō,32.69,128.84,82.33,84,0,11.97,JP,1598035677
495,Tupik,54.43,119.93,52.5,85,95,0.98,RU,1598035677
496,Sulangan,11.14,123.72,83.7,77,0,6.67,PH,1598035677
497,Matagami,49.75,-77.63,62.6,42,1,3.53,CA,1598035678
498,Baoding,38.85,115.49,64.17,86,0,4.38,CN,1598035678
499,Leeton,-34.57,146.4,42.8,87,40,11.41,AU,1598035678
500,Ejido,8.55,-71.24,77.38,62,65,3.38,VE,1598035678
501,Ahipara,-35.17,173.17,54.54,87,0,5.79,NZ,1598035678
502,Honiara,-9.43,159.95,75.2,100,20,2.24,SB,1598035679
503,Pombas,17.15,-25.02,86.0,55,40,11.41,CV,1598035679
504,Port Lincoln,-34.73,135.87,49.62,67,10,20.47,AU,1598035679
505,Poddor'ye,57.47,31.12,56.89,75,0,1.77,RU,1598035679
506,Mananjary,-21.22,48.33,67.68,89,0,5.82,MG,1598035680
507,Coahuayana Viejo,18.73,-103.68,77.0,78,75,5.57,MX,1598035450
508,Ballina,-28.87,153.57,54.0,81,0,8.05,AU,1598035680
509,Athabasca,54.72,-113.29,68.54,54,25,7.94,CA,1598035680
510,Sovetskiy,61.36,63.58,56.86,87,100,9.15,RU,1598035680
511,San Alberto,7.76,-73.39,85.51,70,98,3.38,CO,1598035681
512,Dahegām,23.17,72.82,80.6,94,75,4.7,IN,1598035681
513,Yei,4.09,30.68,69.28,93,100,2.19,SS,1598035681
514,Nizhniy Kuranakh,58.84,125.49,52.83,93,100,1.54,RU,1598035681
515,Salinópolis,-0.61,-47.36,83.05,74,83,12.15,BR,1598035682
516,Uíge,-7.61,15.06,75.88,47,7,1.88,AO,1598035682
517,Cartagena,10.4,-75.51,87.8,70,20,8.05,CO,1598035682
518,Tabas,33.6,56.92,98.6,12,0,4.7,IR,1598035682
519,Udachny,66.42,112.4,48.2,61,64,4.47,RU,1598035683
520,Winnemucca,40.97,-117.74,84.2,12,40,13.13,US,1598035617
521,Taunggyi,20.78,97.03,62.04,100,100,2.42,MM,1598035683
522,Boende,-0.22,20.87,74.41,92,100,1.95,CD,1598035683
523,Nanortalik,60.14,-45.24,49.71,63,0,4.23,GL,1598035684
524,Lima,-12.04,-77.03,62.6,72,75,8.05,PE,1598035682
525,Huarmey,-10.07,-78.15,67.37,64,67,8.84,PE,1598035684
526,Anori,-3.77,-61.64,101.28,22,0,6.93,BR,1598035684
527,Kampong Thom,12.71,104.89,77.11,88,100,1.01,KH,1598035685
528,Sampit,-2.53,112.95,74.62,97,100,1.9,ID,1598035685
529,Cabangahan,9.08,122.95,79.54,75,82,1.92,PH,1598035685
530,Pangody,65.85,74.49,51.3,89,7,6.76,RU,1598035685
531,Ponta Delgada,37.73,-25.67,77.0,78,20,5.82,PT,1598035686
532,Kalabo,-14.97,22.68,71.51,27,77,5.79,ZM,1598035686
533,Obo,5.4,26.49,71.06,94,100,2.62,CF,1598035686
534,Ust-Maya,60.42,134.53,38.48,76,0,2.51,RU,1598035687
535,Korčula,42.96,17.14,84.2,39,0,8.05,HR,1598035434
536,Singaparna,-7.35,108.11,69.55,84,98,0.34,ID,1598035687
537,Shizuishan,39.23,106.77,70.36,70,28,12.93,CN,1598035687
538,Salinas,36.68,-121.66,80.01,53,1,3.36,US,1598035624
539,Martapura,-3.42,114.85,77.0,94,20,5.82,ID,1598035688
540,Cuauhtémoc,28.42,-106.87,84.99,33,0,1.01,MX,1598035688
541,Ouésso,1.61,16.05,74.59,88,89,2.1,CG,1598035689
542,Ketchikan,55.34,-131.65,55.4,100,90,4.7,US,1598035515
543,City of San Pedro,14.35,121.02,80.6,88,79,3.36,PH,1598035689
544,Sorong,-0.88,131.25,77.72,84,0,5.32,ID,1598035689
545,Pimenta Bueno,-11.67,-61.19,76.46,36,53,10.65,BR,1598035469
546,Zharkent,44.16,80.0,64.58,35,0,3.76,KZ,1598035690
