,City,Country,Date,Latitude,Longitude,Cloudiness (%),Humidity (%),Max Temp (F),Wind Speed (mph)
0,belushya guba,,,,,,,,
1,severo-kurilsk,RU,2020-08-18 11:35:31,50.68,156.12,65,92,50.359999999999985,5.38
2,rikitea,PF,2020-08-18 11:33:35,-23.12,-134.97,3,81,71.924,5.4
3,samusu,,,,,,,,
4,kapaa,US,2020-08-18 11:35:32,22.08,-159.32,1,74,79.06999999999996,4.6
5,puerto ayora,EC,2020-08-18 11:31:06,-0.74,-90.35,40,69,75.46999999999997,8.2
6,hualmay,PE,2020-08-18 11:35:32,-11.1,-77.61,24,64,66.29000000000002,5.41
7,new norfolk,AU,2020-08-18 11:33:38,-42.78,147.06,90,80,41.26999999999996,0.45
8,saldanha,ZA,2020-08-18 11:35:32,-33.01,17.94,71,54,57.469999999999956,5.7
9,torbay,CA,2020-08-18 11:35:19,47.67,-52.73,90,93,63.266000000000005,6.7
10,port alfred,ZA,2020-08-18 11:35:33,-33.59,26.89,100,67,53.52799999999996,16.28
11,rungata,,,,,,,,
12,lompoc,US,2020-08-18 11:31:28,34.64,-120.46,1,73,74.26400000000004,1.5
13,vaini,TO,2020-08-18 11:35:33,-21.2,-175.2,90,94,73.66999999999996,5.7
14,qaanaaq,GL,2020-08-18 11:35:33,77.48,-69.36,100,76,43.12400000000001,4.78
15,klaksvik,FO,2020-08-18 11:35:33,62.23,-6.59,97,81,53.86999999999996,4.1
16,yellowknife,CA,2020-08-18 11:32:50,62.46,-114.35,90,93,57.469999999999956,3.6
17,talnakh,RU,2020-08-18 11:35:34,69.49,88.4,9,55,61.069999999999965,4
18,mataura,NZ,2020-08-18 11:35:34,-46.19,168.86,100,76,43.95199999999998,1.94
19,lata,PT,2020-08-18 11:35:34,40.16,-8.33,68,52,84.27200000000005,4.74
20,avarua,CK,2020-08-18 11:35:34,-21.21,-159.78,92,83,70.06999999999996,6.2
21,bangkalan,ID,2020-08-18 11:30:48,-7.05,112.74,0,74,79.66400000000004,3.18
22,atuona,PF,2020-08-18 11:35:07,-9.8,-139.03,6,76,79.08800000000005,10
23,narsaq,GL,2020-08-18 11:35:15,60.92,-46.05,20,42,66.46999999999997,2.1
24,bonavista,CA,2020-08-18 11:35:35,48.65,-53.11,98,76,60.27799999999996,4.02
25,asfi,MA,2020-08-18 11:35:35,32.3,-9.24,0,70,75.79399999999998,11.36
26,ramanuj ganj,IN,2020-08-18 11:35:35,23.8,83.7,31,89,78.70999999999998,0.56
27,hilo,US,2020-08-18 11:35:35,19.73,-155.09,90,78,71.86999999999996,1.5
28,hobart,AU,2020-08-18 11:34:42,-42.88,147.33,92,81,43.06999999999996,3.1
29,taolanaro,,,,,,,,
30,bluff,NZ,2020-08-18 11:35:18,-46.6,168.33,100,70,47.35399999999995,5.67
31,port hawkesbury,CA,2020-08-18 11:35:36,45.62,-61.35,90,88,70.26799999999999,6.2
32,ushuaia,AR,2020-08-18 11:35:36,-54.8,-68.3,75,87,35.86999999999996,7.2
33,kalengwa,ZM,2020-08-18 11:35:36,-13.47,25,0,23,71.11400000000003,0.76
34,qaqortoq,GL,2020-08-18 11:35:36,60.72,-46.03,20,42,66.46999999999997,2.1
35,souillac,MU,2020-08-18 11:35:36,-20.52,57.52,75,78,71.86999999999996,8.2
36,tazovskiy,RU,2020-08-18 11:32:06,67.47,78.7,3,80,53.99600000000005,4.25
37,amderma,,,,,,,,
38,tiksi,RU,2020-08-18 11:35:37,71.69,128.87,100,91,39.524000000000015,5.53
39,bonnyville,CA,2020-08-18 11:35:37,54.27,-110.73,5,73,71.86999999999996,1
40,yar-sale,RU,2020-08-18 11:35:37,66.83,70.83,72,76,54.30199999999998,5.69
41,illoqqortoormiut,,,,,,,,
42,sokoni,TZ,2020-08-18 11:35:37,-6.43,39.55,75,69,82.66999999999996,3.6
43,hithadhoo,MV,2020-08-18 11:35:37,-0.6,73.08,6,75,84.36199999999997,4.44
44,killorglin,IE,2020-08-18 11:35:37,52.1,-9.78,40,73,70.06999999999996,5.1
45,svetlopolyansk,RU,2020-08-18 11:35:38,59.42,52.36,82,90,46.72400000000001,3.88
46,briancon,FR,2020-08-18 11:35:38,44.9,6.65,60,54,82.27400000000002,1.34
47,labuhan,ID,2020-08-18 11:35:38,-6.88,112.21,40,77,78.476,3.16
48,poum,NC,2020-08-18 11:35:38,-20.23,164.02,43,67,69.476,6.19
49,vangaindrano,MG,2020-08-18 11:35:38,-23.35,47.6,1,84,66.95600000000003,2.9
50,fare,PF,2020-08-18 11:35:38,-16.7,-151.02,54,76,78.566,6.87
51,iranshahr,IR,2020-08-18 11:35:39,27.2,60.68,75,26,104.26999999999997,3.1
52,manggar,ID,2020-08-18 11:35:39,-2.88,108.27,98,80,81.5,5.06
53,iqaluit,CA,2020-08-18 11:35:39,63.75,-68.51,75,81,46.66999999999996,7.7
54,lavrentiya,RU,2020-08-18 11:35:39,65.58,-171,98,83,46.75999999999998,3.28
55,urumqi,CN,2020-08-18 11:34:09,43.8,87.6,20,41,79.06999999999996,11
56,saskylakh,RU,2020-08-18 11:35:39,71.92,114.08,100,85,46.72400000000001,3.75
57,samarai,PG,2020-08-18 11:35:39,-10.62,150.67,1,68,73.85,3.15
58,norman wells,CA,2020-08-18 11:35:40,65.28,-126.83,75,81,53.86999999999996,2.1
59,pevek,RU,2020-08-18 11:35:40,69.7,170.31,100,85,39.86600000000001,5.89
60,saint george,US,2020-08-18 11:35:40,37.1,-113.58,1,12,92.26400000000004,2.1
61,upernavik,GL,2020-08-18 11:35:40,72.79,-56.15,100,54,50.342,1.55
62,abu dhabi,AE,2020-08-18 11:35:22,24.47,54.37,73,63,97.06999999999996,3.1
63,akyab,MM,2020-08-18 11:35:40,20.15,92.9,100,91,79.91600000000001,6.55
64,ocampo,MX,2020-08-18 11:35:40,21.65,-101.5,100,59,66.03800000000004,4.8
65,fez,MA,2020-08-18 11:35:21,34.04,-5,20,28,93.46999999999997,3.6
66,de-kastri,RU,2020-08-18 11:35:41,51.47,140.78,94,93,58.17200000000004,3.02
67,ust-tsilma,RU,2020-08-18 11:35:41,65.44,52.15,100,96,49.62200000000004,4.21
68,albany,US,2020-08-18 11:35:41,42.6,-73.97,0,46,79.26799999999999,4.91
69,broome,US,2020-08-18 11:35:41,42.25,-75.83,40,68,73.27400000000002,3.1
70,ossora,RU,2020-08-18 11:35:41,59.24,163.07,70,67,51.601999999999975,2.23
71,manica,FR,2020-08-18 11:35:42,49,-1.17,6,82,68.26999999999995,8.2
72,bumba,CD,2020-08-18 11:35:42,2.18,22.47,59,73,79.06999999999996,0.48
73,bathsheba,BB,2020-08-18 11:35:42,13.22,-59.52,75,74,86.26999999999995,6.7
74,ulaangom,MN,2020-08-18 11:35:42,49.98,92.07,51,67,63.12200000000004,0.46
75,airai,TL,2020-08-18 11:35:42,-8.93,125.41,3,86,55.16600000000001,0.97
76,clonakilty,IE,2020-08-18 11:35:42,51.62,-8.87,40,63,69.27799999999996,6.2
77,lebu,CL,2020-08-18 11:35:42,-37.62,-73.65,78,65,49.67599999999999,4.67
78,palabuhanratu,,,,,,,,
79,kuching,MY,2020-08-18 11:35:43,1.55,110.33,40,100,75.46999999999997,0.49
80,kahului,US,2020-08-18 11:35:43,20.89,-156.47,90,61,79.06999999999996,4.6
81,tasiilaq,GL,2020-08-18 11:35:43,65.61,-37.64,75,61,50.26999999999996,2.6
82,carnarvon,AU,2020-08-18 11:35:43,-24.87,113.63,53,88,62.86999999999996,4.6
83,nanortalik,GL,2020-08-18 11:35:43,60.14,-45.24,5,66,52.196000000000055,1.48
84,punta arenas,CL,2020-08-18 11:35:44,-53.15,-70.92,20,59,35.86999999999996,6.7
85,barrow,US,2020-08-18 11:35:44,71.29,-156.79,90,100,43.06999999999996,7.7
86,puerto madryn,AR,2020-08-18 11:34:01,-42.77,-65.04,2,53,45.69800000000002,12.97
87,hebertville,,,,,,,,
88,tarko-sale,RU,2020-08-18 11:35:44,64.92,77.78,60,84,62.27599999999999,4.9
89,hermanus,ZA,2020-08-18 11:35:44,-34.42,19.23,94,74,51.27799999999996,0.45
90,gat,IL,2020-08-18 11:35:44,31.61,34.76,0,31,87.27799999999996,2.96
91,louisbourg,,,,,,,,
92,acapulco,MX,2020-08-18 11:34:11,16.86,-99.89,20,79,84.46999999999997,3.1
93,esperance,AU,2020-08-18 11:35:45,-33.87,121.9,90,100,50.26999999999996,8.7
94,at-bashi,KG,2020-08-18 11:35:45,41.17,75.81,100,66,54.5,0.9
95,salalah,OM,2020-08-18 11:35:45,17.02,54.09,90,100,77.26999999999995,1
96,isangel,VU,2020-08-18 11:35:45,-19.55,169.27,20,94,68.26999999999995,3.96
97,georgetown,MY,2020-08-18 11:34:42,5.41,100.34,20,88,82.66999999999996,1.15
98,phan rang,,,,,,,,
99,cape town,ZA,2020-08-18 11:23:23,-33.93,18.42,20,58,57.272000000000034,6.2
100,puerto escondido,MX,2020-08-18 11:31:22,15.85,-97.07,5,66,84.46999999999997,4.16
101,okakarara,NA,2020-08-18 11:35:46,-20.58,17.43,0,25,58.693999999999974,3.52
102,alta floresta,BR,2020-08-18 11:35:46,-9.88,-56.09,24,18,100.66999999999996,2.1
103,mahajanga,MG,2020-08-18 11:31:57,-15.72,46.32,20,69,77.26999999999995,2.1
104,hovd,MN,2020-08-18 11:35:46,48.01,91.64,7,55,65.11999999999996,1.2
105,jammalamadugu,IN,2020-08-18 11:35:46,14.83,78.4,95,68,83.24600000000005,6.5
106,sobolevo,RU,2020-08-18 11:35:47,54.43,31.9,91,80,63.95,2.93
107,lasa,IT,2020-08-18 11:35:47,46.62,10.7,40,48,72.26600000000002,2.1
108,busselton,AU,2020-08-18 11:35:14,-33.65,115.33,74,72,45.266000000000005,2.3
109,namatanai,PG,2020-08-18 11:35:47,-3.67,152.43,22,82,78.61999999999996,4.41
110,proletarskiy,RU,2020-08-18 11:35:47,50.79,35.77,20,47,77.26999999999995,2
111,salo,IT,2020-08-18 11:35:47,45.61,10.53,2,45,87.27799999999996,2.1
112,san martin,AR,2020-08-18 11:35:47,-33.08,-68.47,40,15,64.66999999999996,3.6
113,tigil,RU,2020-08-18 11:33:04,57.8,158.67,98,86,53.41999999999996,1.21
114,sitka,US,2020-08-18 11:35:48,57.05,-135.33,20,93,53.86999999999996,0.61
115,venezuela,VE,2020-08-18 11:35:48,8,-66,100,94,75.84800000000003,4.05
116,hoquiam,US,2020-08-18 11:35:48,46.98,-123.89,90,88,66.27200000000005,2.26
117,butaritari,KI,2020-08-18 11:35:48,3.07,172.79,38,75,82.32799999999997,3.55
118,vila franca do campo,PT,2020-08-18 11:35:48,37.72,-25.43,75,94,75.46999999999997,8.2
119,tuktoyaktuk,CA,2020-08-18 11:35:48,69.45,-133.04,75,93,50.26999999999996,5.7
120,pouembout,NC,2020-08-18 11:35:48,-21.13,164.9,42,75,61.03399999999999,0.93
121,aklavik,CA,2020-08-18 11:35:49,68.22,-135.01,20,71,53.86999999999996,4.1
122,saleaula,,,,,,,,
123,amahai,ID,2020-08-18 11:35:49,-3.33,128.92,58,83,75.79399999999998,1.84
124,namibe,AO,2020-08-18 11:35:49,-15.2,12.15,90,73,70.06999999999996,5.7
125,cabo san lucas,MX,2020-08-18 11:32:19,22.89,-109.91,40,70,86.26999999999995,2.6
126,arraial do cabo,BR,2020-08-18 11:35:49,-22.97,-42.03,40,78,84.46999999999997,6.7
127,vestmannaeyjar,IS,2020-08-18 11:35:50,63.44,-20.27,20,81,53.86999999999996,8.2
128,tondano,ID,2020-08-18 11:35:50,1.3,124.91,20,78,77.26999999999995,1.5
129,makakilo city,US,2020-08-18 11:32:23,21.35,-158.09,1,78,75.46999999999997,2.1
130,palermo,IT,2020-08-18 11:35:50,37.82,13.58,19,54,86.26999999999995,2.24
131,kamenskoye,,,,,,,,
132,arkadak,RU,2020-08-18 11:35:50,51.93,43.5,21,55,60.38599999999997,2.36
133,tsihombe,,,,,,,,
134,tual,ID,2020-08-18 11:35:50,-5.67,132.75,87,82,78.60199999999998,6.23
135,bilma,NE,2020-08-18 11:35:51,18.69,12.92,69,13,103.90999999999998,2.53
136,mezen,RU,2020-08-18 11:35:51,65.85,44.24,60,80,46.688000000000045,3.59
137,jamestown,US,2020-08-18 11:35:51,42.1,-79.24,20,60,72.26600000000002,6.7
138,san juan,AR,2020-08-18 11:34:08,-31.54,-68.54,0,25,65.13800000000005,7.99
139,sumter,US,2020-08-18 11:35:51,28.71,-82.08,93,71,90.26600000000002,0.89
140,puerto colombia,CO,2020-08-18 11:35:51,10.99,-74.95,40,70,88.06999999999996,1
141,mayo,US,2020-08-18 11:35:51,38.89,-76.51,1,47,84.27200000000005,3.6
142,fortuna,US,2020-08-18 11:35:52,40.6,-124.16,100,90,61.26799999999999,0.45
143,dingle,PH,2020-08-18 11:35:52,11,122.67,98,90,76.118,1.43
144,nikolskoye,RU,2020-08-18 11:35:52,59.7,30.79,0,34,68.26999999999995,3
145,ribeira grande,PT,2020-08-18 11:35:52,38.52,-28.7,75,88,77.26999999999995,11.3
146,bambous virieux,MU,2020-08-18 11:35:52,-20.34,57.76,75,78,73.27400000000002,8.2
147,saint-philippe,RE,2020-08-18 11:35:52,-21.36,55.77,40,73,71.86999999999996,1.5
148,balykshi,,,,,,,,
149,ngukurr,,,,,,,,
150,cap malheureux,MU,2020-08-18 11:35:53,-19.98,57.61,0,72,73.27400000000002,2.68
151,cherskiy,RU,2020-08-18 11:35:27,68.75,161.3,98,89,39.95600000000003,3.83
152,katsuura,JP,2020-08-18 11:35:53,35.13,140.3,59,84,82.27400000000002,0.89
153,merauke,ID,2020-08-18 11:35:53,-8.47,140.33,2,80,73.25600000000003,5.08
154,dauphin,CA,2020-08-18 11:30:54,51.15,-100.05,1,57,80.86999999999996,2.1
155,hami,CN,2020-08-18 11:35:53,42.8,93.45,46,13,84.91999999999996,3.63
156,kisangani,CD,2020-08-18 11:35:53,0.52,25.2,75,62,88.06999999999996,3.1
157,bengkulu,ID,2020-08-18 11:35:28,-3.8,102.27,37,85,77.07200000000003,1.91
158,geraldton,AU,2020-08-18 11:35:54,-28.77,114.6,75,87,50.26999999999996,1.5
159,vila velha,BR,2020-08-18 11:35:45,-20.33,-40.29,40,74,82.27400000000002,6.7
160,warmbad,NA,2020-08-18 11:35:54,-28.45,18.73,0,46,48.72200000000004,2.19
161,melchor de mencos,GT,2020-08-18 11:35:54,17.07,-89.15,20,78,82.66999999999996,2.1
162,kaitangata,NZ,2020-08-18 11:35:54,-46.28,169.85,100,67,47.26400000000003,1.79
163,marsh harbour,BS,2020-08-18 11:35:19,26.54,-77.06,6,63,85.892,3.16
164,port hardy,CA,2020-08-18 11:35:54,50.7,-127.42,90,100,59.26999999999996,2.1
165,bethel,US,2020-08-18 11:35:54,41.37,-73.41,1,53,80.27599999999998,4.1
166,pochutla,MX,2020-08-18 11:35:55,15.74,-96.47,86,65,89.27599999999998,2.43
167,harper,LR,2020-08-18 11:35:55,4.38,-7.72,87,77,77.684,4.38
168,bredasdorp,ZA,2020-08-18 11:35:55,-34.53,20.04,97,62,53.86999999999996,3.1
169,windhoek,NA,2020-08-18 11:35:55,-22.56,17.08,0,6,62.86999999999996,4.6
170,pemba,MZ,2020-08-18 11:35:55,-12.97,40.52,75,83,77.26999999999995,3.6
171,anshun,CN,2020-08-18 11:35:55,26.25,105.93,100,95,64.20199999999997,1.94
172,pengcheng,CN,2020-08-18 11:35:56,36.43,114.17,43,87,70.53800000000004,4.39
173,kavieng,PG,2020-08-18 11:35:56,-2.57,150.8,0,79,81.46400000000003,2.01
174,dakar,SN,2020-08-18 11:27:11,14.69,-17.44,75,74,88.06999999999996,4.1
175,mar del plata,AR,2020-08-18 11:35:56,-38,-57.56,94,50,56.26400000000004,2.6
176,chapais,CA,2020-08-18 11:35:56,49.78,-74.85,90,87,55.66999999999996,4.6
177,ambilobe,MG,2020-08-18 11:35:56,-13.2,49.05,14,65,72.55399999999995,3.93
178,port elizabeth,ZA,2020-08-18 11:35:57,-33.92,25.57,75,87,48.469999999999956,15.9
179,khatanga,RU,2020-08-18 11:35:57,71.97,102.5,55,72,52.73599999999997,6.13
180,paoua,CF,2020-08-18 11:35:57,7.24,16.44,62,89,75.93800000000005,1.91
181,victoria,HK,2020-08-18 11:34:51,22.29,114.16,100,96,78.27799999999996,10.73
182,ostersund,SE,2020-08-18 11:35:54,63.18,14.64,23,49,71.86999999999996,2.1
183,manokwari,ID,2020-08-18 11:33:46,-0.87,134.08,86,79,78.40399999999995,1.48
184,togul,RU,2020-08-18 11:35:57,53.47,85.91,99,81,63.28399999999999,5.04
185,asau,RO,2020-08-18 11:35:57,46.43,26.4,75,55,74.26400000000004,0.82
186,villa del rosario,CO,2020-08-18 11:35:58,7.83,-72.47,75,83,80.86999999999996,2.1
187,kodiak,US,2020-08-18 11:35:58,57.79,-152.41,90,82,57.469999999999956,0.87
188,komsomolskiy,UZ,2020-08-18 11:35:58,40.43,71.72,97,60,70.06999999999996,2.1
189,harlingen,US,2020-08-18 11:33:39,26.19,-97.7,1,62,90.26600000000002,1.5
190,thompson,CA,2020-08-18 11:35:58,55.74,-97.86,75,68,64.66999999999996,1.5
191,guymon,US,2020-08-18 11:35:58,36.68,-101.48,1,65,79.06999999999996,3.6
192,rosetta,EG,2020-08-18 11:35:58,31.4,30.42,40,58,84.46999999999997,5.7
193,vestbygda,,,,,,,,
194,barentsburg,,,,,,,,
195,constitucion,CL,2020-08-18 11:35:59,-35.33,-72.42,91,68,52.969999999999956,1.87
196,la tijera,MX,2020-08-18 11:35:59,19.9,-104.4,97,68,70.88000000000005,1.77
197,senneterre,CA,2020-08-18 11:35:59,48.38,-77.23,75,82,57.469999999999956,4.6
198,kendari,ID,2020-08-18 11:34:09,-3.94,122.5,11,87,71.52799999999996,1.13
199,yomitan,,,,,,,,
200,piltene,LV,2020-08-18 11:35:59,57.22,21.67,79,56,73.66999999999996,3.6
201,peniche,PT,2020-08-18 11:36:00,39.36,-9.38,45,75,80.27599999999998,4.92
202,rorvik,NO,2020-08-18 11:36:00,64.86,11.24,11,77,59.26999999999996,5.7
203,zhelyabovka,UA,2020-08-18 11:36:00,45.4,34.76,0,46,73.058,2.13
204,amga,RU,2020-08-18 11:36:00,60.9,131.96,84,79,44.041999999999994,0.74
205,karia,NG,2020-08-18 11:36:00,11.73,11.16,100,68,81.87799999999996,0.76
206,leningradskiy,RU,2020-08-18 11:36:01,69.38,178.42,22,74,41.45,2.39
207,nouakchott,MR,2020-08-18 11:35:19,18.09,-15.98,40,66,88.06999999999996,8.7
208,lazarev,RU,2020-08-18 11:36:01,52.23,141.51,100,95,58.964000000000034,3.71
209,samalaeulu,,,,,,,,
210,kralendijk,BQ,2020-08-18 11:36:01,12.15,-68.27,75,79,86.26999999999995,2.6
211,sarramea,NC,2020-08-18 11:36:01,-21.64,165.85,75,88,62.86999999999996,1
212,ketchikan,US,2020-08-18 11:36:01,55.34,-131.65,90,100,57.469999999999956,1.5
213,ostrovnoy,RU,2020-08-18 11:36:02,68.05,39.51,32,75,47.516000000000005,1.28
214,vaitupu,,,,,,,,
215,mount gambier,AU,2020-08-18 11:36:02,-37.83,140.77,90,100,46.66999999999996,3.6
216,moroto,UG,2020-08-18 11:36:02,2.53,34.67,98,71,69.69200000000001,2.35
217,honiara,SB,2020-08-18 11:36:02,-9.43,159.95,20,100,75.46999999999997,1.5
218,rundu,NA,2020-08-18 11:36:02,-17.93,19.77,0,22,68.9,3.26
219,salur,IN,2020-08-18 11:36:03,18.53,83.22,100,72,82.20199999999997,1.82
220,faanui,PF,2020-08-18 11:34:36,-16.48,-151.75,74,80,77.99000000000002,7.56
221,rebrikha,RU,2020-08-18 11:36:03,53.07,82.34,100,89,57.41600000000001,2.76
222,castro,BR,2020-08-18 11:31:55,-24.79,-50.01,100,97,59.05399999999995,1.48
223,saint anthony,US,2020-08-18 11:36:04,45.02,-93.22,1,49,75.27200000000005,1.86
224,dikson,RU,2020-08-18 11:35:04,73.51,80.55,0,72,52.627999999999965,1.92
225,sembakung,ID,2020-08-18 11:36:04,3.82,117.25,84,96,73.81400000000004,0.55
226,chabahar,IR,2020-08-18 11:36:04,25.29,60.64,30,79,86.26999999999995,5.1
227,hasaki,JP,2020-08-18 11:36:05,35.73,140.83,75,94,77.26999999999995,4.1
228,lagoa,PT,2020-08-18 11:36:05,39.05,-27.98,76,90,74.60600000000002,10.61
229,nizhneyansk,,,,,,,,
230,loubomo,CG,2020-08-18 11:36:05,-4.2,12.67,53,72,76.36999999999996,4.21
231,saint-pierre,RE,2020-08-18 11:36:06,-21.34,55.48,1,73,70.06999999999996,1.5
232,devils lake,US,2020-08-18 11:36:06,48.11,-98.87,20,68,71.86999999999996,5.1
233,bongaree,AU,2020-08-18 11:36:06,-27.08,153.16,31,95,56.26400000000004,6.27
234,tshane,BW,2020-08-18 11:36:06,-24.02,21.87,0,47,48.650000000000006,4.77
235,penzance,GB,2020-08-18 11:32:53,50.12,-5.54,20,82,72.26600000000002,5.7
236,rawson,AR,2020-08-18 11:36:06,-43.3,-65.1,30,65,42.188000000000045,13.82
237,vardo,NO,2020-08-18 11:36:06,70.37,31.11,95,81,52.069999999999965,10.3
238,la ronge,CA,2020-08-18 11:36:06,55.1,-105.28,5,83,70.06999999999996,4.6
239,aksarka,RU,2020-08-18 11:36:07,66.56,67.8,89,82,53.492,4.6
240,nago,JP,2020-08-18 11:36:07,26.59,127.98,90,83,82.66999999999996,1.8
241,kilkis,GR,2020-08-18 11:36:07,40.99,22.87,60,75,82.27400000000002,0.89
242,marzuq,YE,2020-08-18 11:36:07,14.4,46.47,87,26,90.10399999999996,2.09
243,ponta do sol,PT,2020-08-18 11:36:07,32.67,-17.1,2,66,76.26199999999996,1.76
244,codrington,AU,2020-08-18 11:36:07,-38.27,141.97,100,94,46.814000000000036,5.28
245,coquimbo,CL,2020-08-18 11:33:37,-29.95,-71.34,75,62,55.66999999999996,3.1
246,krasnyy yar,RU,2020-08-18 11:36:08,46.53,48.35,59,39,80.27599999999998,3
247,daxian,,,,,,,,
248,ye,,,,,,,,
249,zakamensk,RU,2020-08-18 11:36:08,50.37,103.29,25,85,50.50399999999995,0.88
250,upata,VE,2020-08-18 11:36:08,8.01,-62.4,86,71,83.984,1.91
251,muhlhausen,DE,2020-08-18 11:36:08,51.22,10.45,34,81,75.27200000000005,2.54
252,florida,US,2020-08-18 11:34:43,28.75,-82.5,75,74,89.27599999999998,2.1
253,talara,PE,2020-08-18 11:36:09,-4.58,-81.27,100,68,70.06999999999996,9.3
254,husavik,IS,2020-08-18 11:36:09,66.04,-17.34,90,76,53.86999999999996,7.7
255,serik,TR,2020-08-18 11:36:09,36.92,31.1,20,74,84.46999999999997,3.6
256,colares,PT,2020-08-18 11:33:30,38.8,-9.45,20,61,82.66999999999996,4.6
257,shimoda,JP,2020-08-18 11:36:09,34.67,138.95,82,93,74.26400000000004,3.57
258,chicama,PE,2020-08-18 11:36:10,-7.84,-79.15,27,52,71.31199999999995,5
259,launceston,AU,2020-08-18 11:34:30,-41.45,147.17,90,93,44.27599999999999,3.1
260,cacapava do sul,BR,2020-08-18 11:36:10,-30.51,-53.49,80,74,65.62400000000002,1.57
261,kalmunai,LK,2020-08-18 11:36:10,7.42,81.82,63,82,82.09399999999997,0.95
262,villa rica,US,2020-08-18 11:36:10,33.73,-84.92,1,51,90.26600000000002,1.46
263,mahebourg,MU,2020-08-18 11:35:36,-20.41,57.7,75,78,71.86999999999996,8.2
264,luganville,VU,2020-08-18 11:36:10,-15.53,167.17,20,88,75.46999999999997,2.6
265,salta,AR,2020-08-18 11:32:46,-24.79,-65.41,0,30,70.06999999999996,3.6
266,filadelfia,US,2020-08-18 11:32:40,39.95,-75.16,20,51,85.26199999999996,2.6
267,kurilsk,RU,2020-08-18 11:36:11,45.23,147.88,93,89,54.51799999999999,3.39
268,hokitika,NZ,2020-08-18 11:36:11,-42.72,170.97,100,82,50.99000000000002,5.21
269,skiros,,,,,,,,
270,vanimo,PG,2020-08-18 11:36:11,-2.67,141.3,6,84,77.84600000000006,2.11
271,gerash,IR,2020-08-18 11:36:12,27.67,54.14,75,22,102.46999999999996,3.1
272,kieta,PG,2020-08-18 11:36:12,-6.22,155.63,89,79,79.03399999999999,1.36
273,chokurdakh,RU,2020-08-18 11:36:12,70.63,147.92,95,88,35.22200000000004,2.67
274,quatre cocos,MU,2020-08-18 11:36:12,-20.21,57.76,75,78,73.27400000000002,8.2
275,tumannyy,,,,,,,,
276,vilyuysk,RU,2020-08-18 11:33:05,63.76,121.62,69,71,52.44800000000002,2.23
277,alofi,NU,2020-08-18 11:36:12,-19.06,-169.92,49,83,75.46999999999997,5.1
278,pisco,PE,2020-08-18 11:31:20,-13.7,-76.22,90,77,64.66999999999996,4.1
279,jibuti,DJ,2020-08-18 11:36:13,11.5,42.5,1,44,98.86999999999996,3.32
280,sarh,TD,2020-08-18 11:36:13,9.14,18.39,20,74,84.46999999999997,2.1
281,mys shmidta,,,,,,,,
282,champerico,GT,2020-08-18 11:36:13,14.3,-91.92,20,74,84.46999999999997,2.1
283,ulaanbaatar,MN,2020-08-18 11:32:19,47.91,106.88,3,71,52.069999999999965,1
284,westport,US,2020-08-18 11:31:43,41.14,-73.36,1,64,79.26799999999999,5.7
285,sydney,AU,2020-08-18 11:29:33,-33.87,151.21,0,66,57.272000000000034,3.6
286,ostashkov,RU,2020-08-18 11:36:14,57.15,33.11,27,70,58.92799999999997,1.34
287,cidreira,BR,2020-08-18 11:36:14,-30.18,-50.21,30,85,66.27200000000005,6.21
288,chimbote,PE,2020-08-18 11:36:14,-9.09,-78.58,66,66,66.21799999999999,5.87
289,burica,,,,,,,,
290,itaituba,BR,2020-08-18 11:36:14,-4.28,-55.98,20,53,95.26999999999995,2.6
291,tir pol,,,,,,,,
292,khani,GE,2020-08-18 11:36:15,41.96,42.96,7,83,73.66999999999996,4.1
293,sarahan,IN,2020-08-18 11:36:15,31.52,77.8,100,76,66.326,0.49
294,sentyabrskiy,,,,,,,,
295,beaufort,MY,2020-08-18 11:34:09,5.35,115.75,40,100,77.26999999999995,0.5
296,osoyoos,CA,2020-08-18 11:36:15,49.03,-119.45,0,53,76.26199999999996,2.11
297,hambantota,LK,2020-08-18 11:36:15,6.12,81.12,38,78,82.66999999999996,6.7
298,inirida,CO,2020-08-18 11:36:15,3.87,-67.92,96,88,82.076,0.74
299,jardim,BR,2020-08-18 11:36:16,-21.48,-56.14,96,70,79.53800000000004,0.78
300,flin flon,CA,2020-08-18 11:36:16,54.77,-101.86,20,69,73.66999999999996,1
301,smoky lake,CA,2020-08-18 11:36:16,54.12,-112.47,0,54,76.83800000000005,1.66
302,maxixe,MZ,2020-08-18 11:36:16,-23.86,35.35,0,83,75.27200000000005,7.7
303,dzilam gonzalez,MX,2020-08-18 11:36:16,21.28,-88.93,9,55,90.03200000000001,2.74
304,lichinga,MZ,2020-08-18 11:36:17,-13.31,35.24,75,49,71.86999999999996,2.1
305,norton shores,US,2020-08-18 11:36:17,43.17,-86.26,75,46,75.27200000000005,4.6
306,grindavik,IS,2020-08-18 11:36:17,63.84,-22.43,20,72,62.86999999999996,4.1
307,lima,PE,2020-08-18 11:23:06,-12.04,-77.03,90,77,62.86999999999996,2.6
308,hukuntsi,BW,2020-08-18 11:36:17,-24,21.75,0,47,48.63200000000002,5.42
309,blantyre,MW,2020-08-18 11:36:17,-15.79,35.01,20,33,74.20999999999998,3.25
310,grand river south east,,,,,,,,
311,hay river,CA,2020-08-18 11:36:17,60.82,-115.8,75,77,66.46999999999997,1.5
312,matara,LK,2020-08-18 11:36:18,5.95,80.54,39,87,78.90800000000002,3.9
313,hongan,,,,,,,,
314,pietroasa,RO,2020-08-18 11:36:18,46.58,22.55,20,51,80.86999999999996,4.1
315,sao filipe,CV,2020-08-18 11:36:18,14.9,-24.5,43,82,80.38399999999999,1.73
316,jahanabad,IN,2020-08-18 11:36:18,25.22,84.98,40,83,86.26999999999995,2.6
317,kavaratti,IN,2020-08-18 11:36:19,10.57,72.64,57,81,82.25600000000003,5.22
318,evensk,RU,2020-08-18 11:36:19,61.95,159.23,100,61,52.34000000000002,2.32
319,ilulissat,GL,2020-08-18 11:36:19,69.22,-51.1,20,46,53.86999999999996,2.1
320,batemans bay,AU,2020-08-18 11:36:19,-35.72,150.18,0,76,46.274000000000015,2.24
321,caravelas,BR,2020-08-18 11:35:50,-17.71,-39.25,21,66,79.98800000000006,4.59
322,sistranda,NO,2020-08-18 11:36:19,63.73,8.83,0,68,66.46999999999997,2.6
323,east london,ZA,2020-08-18 11:36:20,-33.02,27.91,38,56,55.32799999999996,15.64
324,byron bay,AU,2020-08-18 11:36:20,-28.65,153.62,53,87,59.26999999999996,5.18
325,ixtapa,MX,2020-08-18 11:36:20,20.7,-105.2,90,83,84.27200000000005,2.1
326,los llanos de aridane,ES,2020-08-18 11:33:28,28.66,-17.92,20,69,79.06999999999996,6.7
327,mingguang,CN,2020-08-18 11:36:20,32.78,117.96,0,81,82.14800000000002,3.46
328,guayaramerin,BO,2020-08-18 11:36:21,-10.84,-65.36,0,44,95.26999999999995,4.6
329,port-gentil,GA,2020-08-18 11:36:21,-0.72,8.78,90,83,79.06999999999996,6.94
330,pangnirtung,CA,2020-08-18 11:36:21,66.15,-65.71,75,87,48.469999999999956,1.5
331,myitkyina,MM,2020-08-18 11:36:21,25.38,97.4,100,97,73.49000000000002,0.67
332,atambua,ID,2020-08-18 11:36:21,-9.11,124.89,16,86,68.01799999999999,1.81
333,havoysund,NO,2020-08-18 11:36:22,71,24.66,75,87,50.26999999999996,4.1
334,arcata,US,2020-08-18 11:33:20,40.87,-124.08,90,93,57.272000000000034,2.1
335,mananara,MG,2020-08-18 11:36:22,-16.17,49.77,16,88,67.44200000000001,2.41
336,port blair,IN,2020-08-18 11:36:22,11.67,92.75,95,79,82.66999999999996,5.09
337,ibra,OM,2020-08-18 11:36:22,22.69,58.53,98,43,93.10999999999999,3.92
338,tonantins,BR,2020-08-18 11:36:23,-2.87,-67.8,61,42,98.384,0.44
339,praia,CV,2020-08-18 11:36:23,14.92,-23.51,40,79,84.46999999999997,4.1
340,longyearbyen,SJ,2020-08-18 11:36:23,78.22,15.64,75,70,44.86999999999996,5.1
341,parabel,RU,2020-08-18 11:33:05,58.7,81.48,100,97,57.21799999999999,1.93
342,chuy,UY,2020-08-18 11:36:23,-33.7,-53.46,0,51,63.158,2.86
343,kiama,AU,2020-08-18 11:36:24,-34.68,150.87,16,58,60.27799999999996,3.13
344,camana,PE,2020-08-18 11:36:24,-16.62,-72.71,89,67,61.64600000000005,3.81
345,mwense,ZM,2020-08-18 11:36:24,-10.38,28.7,81,22,75.68599999999998,0.49
346,auki,SB,2020-08-18 11:36:24,-8.77,160.7,61,85,77.45,1.64
347,gogrial,SS,2020-08-18 11:36:24,8.53,28.1,54,85,76.85600000000002,1.07
348,jingdezhen,CN,2020-08-18 11:36:25,29.29,117.21,0,77,80.36600000000001,0.97
349,zherdevka,RU,2020-08-18 11:36:25,51.85,41.46,36,58,65.71400000000003,2.49
350,padang,ID,2020-08-18 11:36:25,-0.95,100.35,86,74,79.21400000000003,1.56
351,sinkat,,,,,,,,
352,lensk,RU,2020-08-18 11:36:25,60.73,114.93,2,63,50.80999999999998,1.78
353,djibo,BF,2020-08-18 11:36:26,14.1,-1.63,41,51,89.36600000000001,3.88
354,plettenberg bay,ZA,2020-08-18 11:31:52,-34.05,23.37,78,74,52.08800000000005,8.96
355,cockburn town,TC,2020-08-18 11:35:58,21.46,-71.14,40,66,88.06999999999996,3.1
356,entre rios,BR,2020-08-18 11:36:26,-11.94,-38.08,5,48,83.24600000000005,4.23
357,mamallapuram,IN,2020-08-18 11:36:26,12.63,80.17,75,79,86.26999999999995,2.1
358,orizona,BR,2020-08-18 11:36:27,-17.03,-48.3,0,21,92.84000000000003,3.38
359,acari,PE,2020-08-18 11:36:27,-15.43,-74.62,89,45,69.72799999999997,3.98
360,garowe,SO,2020-08-18 11:36:27,8.41,48.48,67,32,85.71199999999996,7.6
361,sorland,NO,2020-08-18 11:36:27,67.67,12.69,90,76,52.069999999999965,3.6
362,hualahuises,MX,2020-08-18 11:36:27,24.88,-99.67,100,37,90.24800000000002,2.6
363,baykit,RU,2020-08-18 11:36:28,61.67,96.37,49,62,55.346000000000046,1.71
364,sfantu gheorghe,RO,2020-08-18 11:36:28,45.87,25.78,72,49,79.26799999999999,1.79
365,rypefjord,NO,2020-08-18 11:36:28,70.63,23.67,75,100,48.469999999999956,9.3
366,kharp,RU,2020-08-18 11:33:04,66.8,65.81,88,84,53.311999999999955,3.89
367,oksfjord,NO,2020-08-18 11:36:28,70.24,22.35,75,66,55.66999999999996,5.1
368,urucara,BR,2020-08-18 11:36:28,-2.54,-57.76,24,25,101.60600000000004,2.31
369,snasa,NO,2020-08-18 11:36:29,64.25,12.38,16,56,70.06999999999996,3.6
370,kommunar,RU,2020-08-18 11:36:29,59.62,30.39,0,34,68.26999999999995,3
371,muthill,GB,2020-08-18 11:36:29,56.33,-3.83,90,83,66.27200000000005,0.89
372,lovozero,RU,2020-08-18 11:36:29,68,35.01,41,77,48.75800000000001,1.51
373,aransas pass,US,2020-08-18 11:36:29,27.91,-97.15,1,70,89.27599999999998,3.6
374,walvis bay,NA,2020-08-18 11:36:30,-22.96,14.51,0,35,71.86999999999996,7.2
375,yomou,GN,2020-08-18 11:36:30,7.56,-9.27,74,78,79.96999999999997,1.75
376,sangalhos,PT,2020-08-18 11:36:30,40.49,-8.47,93,66,84.27200000000005,3.8
377,tambovka,RU,2020-08-18 11:36:30,50.1,128.05,20,93,46.66999999999996,1
378,marcon,FR,2020-08-18 11:35:01,47.71,0.51,31,69,79.06999999999996,1.5
379,mandan,US,2020-08-18 11:33:12,46.83,-100.89,1,54,84.46999999999997,6.2
380,sechura,PE,2020-08-18 11:36:31,-5.56,-80.82,99,56,72.44600000000005,5.03
381,ormara,PK,2020-08-18 11:36:31,25.21,64.64,55,85,84.092,4.68
382,conceicao do araguaia,BR,2020-08-18 11:36:31,-8.26,-49.26,19,20,102.86600000000001,3.04
383,luderitz,NA,2020-08-18 11:36:31,-26.65,15.16,0,32,62.47400000000002,13.2
384,haines junction,CA,2020-08-18 11:36:31,60.75,-137.51,58,78,47.53399999999999,0.03
385,barawe,,,,,,,,
386,marienburg,PL,2020-08-18 11:36:32,54.04,19.03,11,90,73.27400000000002,4.16
387,monterey,US,2020-08-18 11:36:32,36.25,-121.25,1,68,92.26400000000004,2.81
388,comodoro rivadavia,AR,2020-08-18 11:33:12,-45.87,-67.5,40,33,43.06999999999996,9.3
389,ahipara,NZ,2020-08-18 11:36:32,-35.17,173.17,100,93,59.05399999999995,5.92
390,belaya gora,RU,2020-08-18 11:36:32,68.53,146.42,100,71,44.708000000000006,1.8
391,sur,OM,2020-08-18 11:36:32,22.57,59.53,83,64,86.70199999999997,6.17
392,kruisfontein,ZA,2020-08-18 11:36:32,-34,24.73,59,84,48.272000000000034,5.81
393,rocha,UY,2020-08-18 11:36:33,-34.48,-54.33,0,55,65.53399999999999,4.21
394,qui nhon,VN,2020-08-18 11:36:33,13.77,109.23,67,85,78.96199999999996,3.79
395,tuatapere,NZ,2020-08-18 11:36:33,-46.13,167.68,100,82,44.00600000000003,2.98
396,karachi,PK,2020-08-18 11:31:49,24.91,67.08,40,70,88.06999999999996,4.1
397,la rioja,ES,2020-08-18 11:36:33,42.25,-2.5,40,54,79.06999999999996,2.6
398,jalu,LY,2020-08-18 11:36:33,29.03,21.55,0,20,95.03599999999997,3.66
399,lolua,,,,,,,,
400,priladozhskiy,RU,2020-08-18 11:36:34,59.85,31.48,0,27,64.27400000000002,2.78
401,saint-augustin,CA,2020-08-18 11:36:34,51.23,-58.65,94,62,66.61400000000003,7.32
402,lake city,US,2020-08-18 11:36:34,30.19,-82.64,1,66,89.27599999999998,1.62
403,turukhansk,RU,2020-08-18 11:36:34,65.82,87.98,0,57,59.774000000000015,5.63
404,ishinomaki,JP,2020-08-18 11:36:34,38.42,141.3,82,82,70.73599999999996,0.34
405,concarneau,FR,2020-08-18 11:36:35,47.88,-3.92,75,77,70.06999999999996,4.1
406,caronport,CA,2020-08-18 11:36:35,50.45,-105.82,40,50,77.26999999999995,1.51
407,fairbanks,US,2020-08-18 11:31:55,64.84,-147.72,1,76,56.26400000000004,1.5
408,pulandian,CN,2020-08-18 11:36:35,39.4,121.97,29,88,77.26999999999995,1
409,kloulklubed,PW,2020-08-18 11:36:36,7.04,134.26,99,79,82.56199999999995,6.87
410,paamiut,GL,2020-08-18 11:36:36,61.99,-49.67,0,68,49.280000000000044,2.46
411,attawapiskat,,,,,,,,
412,inhambane,MZ,2020-08-18 11:36:36,-23.86,35.38,0,83,75.27200000000005,7.7
413,yumen,CN,2020-08-18 11:36:36,40.28,97.2,0,21,70.06999999999996,5.86
414,bashmakovo,RU,2020-08-18 11:36:36,53.21,43.03,12,63,58.45999999999998,1.17
415,faya,SA,2020-08-18 11:36:37,18.39,42.45,40,60,77.26999999999995,4.1
416,elesbao veloso,BR,2020-08-18 11:36:37,-6.2,-42.14,81,16,100.076,2.97
417,lorengau,PG,2020-08-18 11:36:37,-2.02,147.27,46,78,82.02200000000005,3.36
418,kongoussi,BF,2020-08-18 11:36:37,13.33,-1.53,34,46,93.90199999999999,2.91
419,galle,LK,2020-08-18 11:34:21,6.04,80.22,56,86,79.98800000000006,3.24
420,tyup,KG,2020-08-18 11:36:38,42.73,78.36,100,71,57.07400000000001,2.76
421,winnemucca,US,2020-08-18 11:36:38,40.97,-117.74,1,44,77.26999999999995,3.1
422,pucallpa,PE,2020-08-18 11:33:55,-8.38,-74.55,20,59,89.86999999999996,3.6
423,marsa matruh,EG,2020-08-18 11:36:38,31.35,27.25,0,69,82.66999999999996,6.2
424,erzin,TR,2020-08-18 11:36:38,36.96,36.2,6,80,84.27200000000005,1.79
425,qasigiannguit,GL,2020-08-18 11:36:39,68.82,-51.19,20,46,53.86999999999996,2.1
426,sept-iles,CA,2020-08-18 11:34:07,50.2,-66.38,90,82,64.66999999999996,6.7
427,nhulunbuy,AU,2020-08-18 11:36:39,-12.23,136.77,54,82,62.86999999999996,1.71
428,bud,US,2020-08-18 11:36:39,39.45,-86.18,90,93,67.26199999999996,4.36
429,tanout,NE,2020-08-18 11:36:39,14.97,8.89,78,31,94.424,1
430,coihaique,CL,2020-08-18 11:35:26,-45.58,-72.07,20,41,41.26999999999996,2.1
431,marcona,,,,,,,,
432,eldikan,,,,,,,,
433,hofn,IS,2020-08-18 11:36:40,64.25,-15.21,20,88,51.96199999999996,4.98
434,traverse city,US,2020-08-18 11:36:38,44.76,-85.62,75,53,71.86999999999996,5.1
435,raudeberg,NO,2020-08-18 11:36:40,61.99,5.14,0,73,72.26600000000002,0.45
436,amlame,TG,2020-08-18 11:36:41,7.47,0.9,60,79,79.03399999999999,1.62
437,avera,US,2020-08-18 11:36:41,33.19,-82.53,75,83,84.27200000000005,1.5
438,port moresby,PG,2020-08-18 11:36:41,-9.44,147.18,40,94,70.06999999999996,1.5
439,kyabe,TD,2020-08-18 11:36:41,9.45,18.94,100,88,76.67599999999999,1.64
440,port lincoln,AU,2020-08-18 11:36:41,-34.73,135.87,87,70,54.842,13.97
441,diamantino,BR,2020-08-18 11:36:42,-14.41,-56.45,13,12,103.64000000000003,3.78
442,guiyang,CN,2020-08-18 11:36:42,26.58,106.72,20,77,70.06999999999996,3
443,healesville,AU,2020-08-18 11:36:42,-37.65,145.52,93,97,50.26999999999996,0.89
444,perth,AU,2020-08-18 11:32:56,-31.93,115.83,55,93,48.272000000000034,2.5
445,birao,CF,2020-08-18 11:35:07,10.28,22.79,25,89,75.91999999999996,2.37
446,gornopravdinsk,RU,2020-08-18 11:36:42,60.05,69.9,94,93,55.36400000000003,1.99
447,victor harbor,AU,2020-08-18 11:36:43,-35.57,138.62,92,92,50.26999999999996,8.97
448,pangai,TO,2020-08-18 11:35:38,-19.8,-174.35,97,85,77.54000000000002,10.58
449,rabo de peixe,PT,2020-08-18 11:36:43,37.8,-25.58,75,94,75.46999999999997,8.2
450,tungor,RU,2020-08-18 11:36:43,53.38,142.96,100,97,54.57200000000004,5.88
451,severnyy,RU,2020-08-18 11:36:43,50.68,36.55,20,47,77.26999999999995,2
452,emerald,AU,2020-08-18 11:36:43,-23.53,148.17,0,58,55.66999999999996,2.6
453,rudnichnyy,RU,2020-08-18 11:36:43,59.62,52.47,67,88,46.975999999999985,3.97
454,toliary,,,,,,,,
455,fallon,US,2020-08-18 11:36:44,39.47,-118.78,40,41,84.27200000000005,1.5
456,kutum,SD,2020-08-18 11:36:44,14.2,24.67,81,57,77.9,5.72
457,arroyo,ES,2020-08-18 11:36:44,41.61,-4.8,40,47,79.26799999999999,4.6
458,iberia,US,2020-08-18 11:35:50,29.95,-91.75,0,55,89.86999999999996,3.6
459,fort saint james,CA,2020-08-18 11:36:45,54.43,-124.25,100,84,59.66600000000001,2.6
460,gander,CA,2020-08-18 11:36:45,48.97,-54.59,75,72,64.66999999999996,8.2
461,nanakuli,US,2020-08-18 11:36:45,21.39,-158.15,1,78,75.27200000000005,2.1
462,buala,SB,2020-08-18 11:36:46,-8.14,159.59,98,78,80.15,1.08
463,brownwood,US,2020-08-18 11:33:07,31.71,-98.99,1,38,89.86999999999996,3.1
464,manga,BF,2020-08-18 11:36:46,11.66,-1.07,80,59,89.65399999999995,2.2
465,christchurch,NZ,2020-08-18 11:35:15,-43.53,172.63,100,76,51.27799999999996,7.2
466,rancho palos verdes,US,2020-08-18 11:36:46,33.74,-118.39,40,94,79.26799999999999,2.6
467,kropotkin,RU,2020-08-18 11:36:46,45.44,40.58,0,33,75.07400000000001,2.07
468,tessalit,ML,2020-08-18 11:36:46,20.2,1.01,0,7,106.358,5.46
469,vila,PT,2020-08-18 11:36:46,42.03,-8.16,100,73,74.26400000000004,5.36
470,divnogorsk,RU,2020-08-18 11:36:47,55.96,92.36,62,87,61.069999999999965,1
471,ambanja,MG,2020-08-18 11:36:47,-13.68,48.45,75,80,79.06999999999996,2.1
472,aswan,EG,2020-08-18 11:36:47,24.09,32.91,4,14,100.47200000000004,5.24
473,penhold,CA,2020-08-18 11:36:47,52.13,-113.87,5,64,80.27599999999998,2.6
474,kulhudhuffushi,MV,2020-08-18 11:36:47,6.62,73.07,12,72,82.88599999999997,3.09
475,berdigestyakh,RU,2020-08-18 11:36:47,62.1,126.7,68,63,46.742,1.97
476,minsk,BY,2020-08-18 11:36:48,53.9,27.57,84,64,71.86999999999996,4
477,manadhoo,MV,2020-08-18 11:36:48,5.77,73.38,0,69,83.11999999999996,2.15
478,natal,BR,2020-08-18 11:31:55,-5.79,-35.21,40,62,84.46999999999997,3.6
479,sabha,LY,2020-08-18 11:36:48,27.04,14.43,0,12,100.34600000000005,3.57
480,rio grande,BR,2020-08-18 11:32:32,-32.03,-52.1,40,72,66.46999999999997,2.6
481,birjand,IR,2020-08-18 11:36:48,32.87,59.22,0,27,79.06999999999996,6.2
482,aktau,KZ,2020-08-18 11:36:49,43.65,51.2,0,69,73.66999999999996,3
483,manaure,CO,2020-08-18 11:36:49,11.78,-72.44,97,66,86.792,4.8
484,kenai,US,2020-08-18 11:36:49,60.55,-151.26,20,87,56.26400000000004,2.6
485,mian channun,PK,2020-08-18 11:36:49,30.44,72.35,28,33,100.79600000000005,3.64
486,san andres,CO,2020-08-18 11:36:49,12.58,-81.7,40,79,86.26999999999995,4.1
487,tsabong,BW,2020-08-18 11:36:50,-26.02,22.4,0,44,46.18399999999999,4.44
488,provideniya,RU,2020-08-18 11:35:15,64.38,-173.3,98,78,49.67599999999999,3.65
489,mitsamiouli,KM,2020-08-18 11:36:50,-11.38,43.28,20,78,79.06999999999996,5.1
490,campos,BR,2020-08-18 11:36:46,-21.75,-41.3,40,62,84.46999999999997,6.2
491,muros,ES,2020-08-18 11:36:50,42.78,-9.06,100,83,72.26600000000002,6.26
492,sao joao da barra,BR,2020-08-18 11:36:50,-21.64,-41.05,40,62,84.46999999999997,6.2
493,dondo,MZ,2020-08-18 11:36:51,-19.61,34.74,20,88,75.27200000000005,6.2
494,eskasem,,,,,,,,
495,melito di porto salvo,IT,2020-08-18 11:36:51,37.92,15.77,26,62,84.46999999999997,8.2
496,cascais,PT,2020-08-18 11:34:01,38.7,-9.42,20,65,82.66999999999996,5.1
497,kamenka,RU,2020-08-18 11:36:51,51.32,42.77,25,60,73.27400000000002,0.45
498,abbeville,FR,2020-08-18 11:36:51,50.1,1.83,56,67,74.26400000000004,2.59
499,saint-georges,GD,2020-08-18 11:36:11,12.06,-61.75,75,83,84.46999999999997,10.3
500,khasan,RU,2020-08-18 11:35:06,42.43,130.64,1,88,73.54399999999998,0.27
501,san lawrenz,MT,2020-08-18 11:36:52,36.06,14.2,0,38,91.66999999999996,4.1
502,ancud,CL,2020-08-18 11:34:38,-41.87,-73.82,75,75,51.27799999999996,6.2
503,galesong,ID,2020-08-18 11:36:52,-5.32,119.37,20,78,71.86999999999996,1
504,bafoulabe,ML,2020-08-18 11:36:52,13.81,-10.83,91,78,87.54800000000003,1.92
505,kangasala,FI,2020-08-18 11:36:52,61.46,24.08,10,35,72.26600000000002,2.1
506,celina,US,2020-08-18 11:36:52,40.55,-84.57,40,68,75.27200000000005,2.6
507,arlit,NE,2020-08-18 11:36:53,18.74,7.39,50,27,97.08800000000005,4.2
508,odesskoye,RU,2020-08-18 11:36:53,54.21,72.97,77,75,57.07400000000001,3.83
509,kimbe,PG,2020-08-18 11:36:53,-5.55,150.14,1,83,73.00399999999996,2.87
510,alekseyevsk,RU,2020-08-18 11:36:53,57.84,108.35,98,55,50.846000000000046,0.95
511,guatire,VE,2020-08-18 11:36:53,10.48,-66.54,100,68,81.26600000000002,0.69
512,kardamaina,GR,2020-08-18 11:36:53,36.78,27.14,0,51,80.86999999999996,7.7
513,sao jose da coroa grande,BR,2020-08-18 11:36:54,-8.9,-35.15,21,72,79.32200000000003,5.51
514,bayangol,RU,2020-08-18 11:36:54,50.7,103.47,15,90,47.48000000000004,0.25
515,matagami,CA,2020-08-18 11:36:54,49.75,-77.63,75,82,59.26999999999996,3.99
516,port macquarie,AU,2020-08-18 11:32:59,-31.43,152.92,0,96,45.266000000000005,2.22
517,oyo,NG,2020-08-18 11:36:54,7.85,3.93,70,68,82.23800000000006,2.28
518,valleyview,CA,2020-08-18 11:36:54,55.07,-117.29,39,53,72.62599999999999,2.09
519,korla,CN,2020-08-18 11:36:55,41.76,86.15,1,18,84.27200000000005,4.37
520,mantua,IT,2020-08-18 11:36:55,45.17,10.78,15,55,84.27200000000005,0.89
521,tres arroyos,AR,2020-08-18 11:36:55,-38.37,-60.28,91,43,53.564000000000036,6.85
522,maridi,SS,2020-08-18 11:36:55,4.92,29.47,100,94,70.84399999999997,1.62
523,gobabis,NA,2020-08-18 11:36:55,-22.45,18.97,0,42,50.05399999999995,5.47
524,paciran,ID,2020-08-18 11:36:56,-6.88,112.38,23,78,79.03399999999999,2.48
525,denpasar,ID,2020-08-18 11:36:56,-8.65,115.22,40,100,79.06999999999996,4.6
526,maceio,BR,2020-08-18 11:33:35,-9.67,-35.74,40,65,82.66999999999996,6.2
527,llangefni,GB,2020-08-18 11:36:56,53.26,-4.31,20,82,68.26999999999995,7.2
528,trat,TH,2020-08-18 11:36:56,12.5,102.5,95,89,76.81999999999996,0.34
529,fort saint john,,,,,,,,
530,atherton,GB,2020-08-18 11:36:57,53.52,-2.49,93,55,76.26199999999996,1.79
531,camacha,PT,2020-08-18 11:36:57,33.08,-16.33,20,65,77.26999999999995,5.1
532,nemuro,JP,2020-08-18 11:36:57,43.32,145.57,72,92,61.12400000000001,5.36
533,shuangyang,CN,2020-08-18 11:36:57,43.52,125.67,75,88,68.26999999999995,3
534,xichang,CN,2020-08-18 11:33:44,27.9,102.26,100,82,61.28599999999997,1.79
535,sarangani,PH,2020-08-18 11:36:58,5.4,125.46,100,75,83.56999999999996,4.87
536,oriximina,BR,2020-08-18 11:36:58,-1.77,-55.87,37,34,97.51999999999997,2.62
537,alcacer do sal,PT,2020-08-18 11:36:58,38.37,-8.51,4,69,88.06999999999996,5.1
538,iralaya,HN,2020-08-18 11:36:58,15,-83.23,40,74,88.06999999999996,3.55
539,san pedro,PH,2020-08-18 11:36:58,14.35,121.02,98,88,81.26600000000002,0.5
540,zemio,CF,2020-08-18 11:36:58,5.03,25.14,97,90,75.07400000000001,0.76
541,kirkwood,US,2020-08-18 11:36:58,38.58,-90.41,20,65,81.26600000000002,4.1
542,sulmona,IT,2020-08-18 11:36:59,42.05,13.93,82,51,82.66999999999996,3.6
543,nouadhibou,MR,2020-08-18 11:36:59,20.93,-17.03,0,65,79.06999999999996,9.8
544,charters towers,AU,2020-08-18 11:36:59,-20.1,146.27,3,73,59.59399999999997,4.31
545,tukrah,LY,2020-08-18 11:36:59,32.53,20.58,0,64,82.58000000000004,3.09
546,severnyy-kospashskiy,RU,2020-08-18 11:36:59,59.09,57.8,100,100,50.26999999999996,0.45
547,grand gaube,MU,2020-08-18 11:36:59,-20.01,57.66,0,72,73.27400000000002,2.68
548,makushino,RU,2020-08-18 11:37:00,55.21,67.24,44,94,53.63599999999997,4.85
549,sorvag,,,,,,,,
550,mehamn,NO,2020-08-18 11:36:31,71.04,27.85,75,81,52.069999999999965,6.7
551,bien hoa,VN,2020-08-18 11:37:00,10.95,106.82,75,94,79.06999999999996,1
552,nuevo progreso,MX,2020-08-18 11:37:00,23.17,-97.95,98,60,88.26799999999999,0.45
553,tiwi,PH,2020-08-18 11:37:00,13.47,123.62,49,89,76.316,1.73
554,jacareacanga,BR,2020-08-18 11:37:00,-6.22,-57.75,5,15,106.34000000000002,1.55
555,wilmington,US,2020-08-18 11:37:01,34.23,-77.94,1,65,85.26199999999996,3.1
556,lethem,GY,2020-08-18 11:37:01,3.38,-59.8,98,61,89.13200000000002,2.8
557,batagay,RU,2020-08-18 11:37:01,67.63,134.63,96,66,49.78399999999999,0.85
558,morro bay,US,2020-08-18 11:37:01,35.37,-120.85,1,64,82.66999999999996,2.96
559,shamkhal,RU,2020-08-18 11:37:01,43.06,47.34,0,69,75.27200000000005,5
560,cozumel,MX,2020-08-18 11:37:01,20.51,-86.95,40,74,88.06999999999996,3.6
561,shevchenkove,UA,2020-08-18 11:37:02,49.7,37.17,82,34,82.66999999999996,2
562,krasnoselkup,RU,2020-08-18 11:37:02,65.7,82.47,84,64,58.98200000000001,4.59
563,maningrida,AU,2020-08-18 11:37:02,-12.07,134.27,30,83,65.858,2
564,berlevag,NO,2020-08-18 11:37:02,70.86,29.09,75,66,53.86999999999996,8.2
565,izyaslav,UA,2020-08-18 11:37:03,50.12,26.82,80,74,71.50999999999999,2.05
566,tiznit,MA,2020-08-18 11:36:16,29.58,-9.5,0,40,82.34600000000006,3.88
567,chengde,CN,2020-08-18 11:37:03,40.97,117.94,100,88,63.75199999999998,1.21
568,bontang,ID,2020-08-18 11:37:03,0.13,117.5,37,87,78.49399999999997,4.42
569,hunza,,,,,,,,
570,sakakah,SA,2020-08-18 11:37:03,29.97,40.21,12,12,97.06999999999996,8.2
571,kushiro,JP,2020-08-18 11:37:04,42.98,144.37,78,94,62.780000000000044,3.2
572,luanda,AO,2020-08-18 11:27:19,-8.84,13.23,75,83,71.86999999999996,2.6
573,kitob,UZ,2020-08-18 11:37:04,39.08,66.83,0,31,73.43599999999998,2.15
574,izmit,TR,2020-08-18 11:37:04,40.77,29.92,20,61,79.06999999999996,5.1
575,solnechnyy,RU,2020-08-18 11:37:04,50.72,136.63,46,92,50.05399999999995,1.99
576,multan,PK,2020-08-18 11:36:48,30.2,71.48,40,67,97.06999999999996,5.1
577,shchigry,RU,2020-08-18 11:37:04,51.88,36.9,63,36,77.26999999999995,2
578,cayenne,GF,2020-08-18 11:37:05,4.93,-52.33,58,62,88.06999999999996,4.6
579,catumbela,AO,2020-08-18 11:37:05,-12.43,13.55,20,77,70.06999999999996,2.1
580,mount isa,AU,2020-08-18 11:37:05,-20.73,139.5,7,31,64.66999999999996,2.1
581,moron,AR,2020-08-18 11:37:05,-34.65,-58.62,0,39,68.26999999999995,5.7
582,oistins,BB,2020-08-18 11:37:05,13.07,-59.53,75,74,86.26999999999995,6.7
583,brokopondo,SR,2020-08-18 11:37:05,4.75,-55.17,57,57,87.90800000000002,1.29
584,porec,HR,2020-08-18 11:37:06,45.23,13.59,59,65,79.26799999999999,2.6
585,las vegas,US,2020-08-18 11:33:57,36.17,-115.14,1,15,100.27400000000002,1.78
586,kiknur,RU,2020-08-18 11:37:06,57.3,47.2,23,74,50.66600000000001,4.28
587,muisne,EC,2020-08-18 11:37:06,0.6,-80.03,90,78,79.06999999999996,2.6
588,shingu,JP,2020-08-18 11:37:06,33.73,135.98,99,81,77.93599999999998,2.01
589,takoradi,GH,2020-08-18 11:37:07,4.88,-1.76,53,80,77.80999999999997,5.18
590,kokopo,PG,2020-08-18 11:37:07,-4.35,152.26,1,83,76.35199999999998,4.91
591,cabedelo,BR,2020-08-18 11:37:07,-6.98,-34.83,75,74,80.86999999999996,8.2
592,camapua,BR,2020-08-18 11:37:07,-19.53,-54.04,0,20,99.21199999999996,6.09
593,brownfield,US,2020-08-18 11:37:07,33.18,-102.27,24,37,87.27799999999996,0.89
594,dubbo,AU,2020-08-18 11:37:07,-32.25,148.62,40,93,44.86999999999996,2.1
595,colon,PA,2020-08-18 11:36:24,9.36,-79.9,96,70,86.26999999999995,3.13
596,dwarka,IN,2020-08-18 11:37:08,22.24,68.97,100,84,83.19200000000001,7.92
597,moerai,PF,2020-08-18 11:37:08,-22.43,-151.33,99,76,71.20399999999995,11.1
598,shush,IR,2020-08-18 11:37:08,32.19,48.24,0,9,98.99600000000005,6.4
599,kununurra,AU,2020-08-18 11:37:08,-15.77,128.73,0,87,71.86999999999996,1
600,bolungarvik,,,,,,,,
601,tateyama,JP,2020-08-18 11:37:08,34.98,139.87,63,89,83.26400000000004,3.46
602,wexford,IE,2020-08-18 11:33:10,52.33,-6.46,20,82,69.27799999999996,6.2
603,berlin,DE,2020-08-18 11:25:45,52.52,13.41,40,60,76.26199999999996,3.6
604,bubaque,GW,2020-08-18 11:37:09,11.28,-15.83,82,85,81.42799999999997,8.26
605,umzimvubu,,,,,,,,
606,bur gabo,,,,,,,,
607,amarillo,US,2020-08-18 11:33:19,35.22,-101.83,0,33,89.27599999999998,1.34
608,vostok,RU,2020-08-18 11:37:09,46.49,135.88,89,100,63.08599999999997,1.63
609,hamada,JP,2020-08-18 11:37:09,34.88,132.08,4,32,80.27599999999998,0.89
610,hamilton,US,2020-08-18 11:26:07,39.18,-84.53,90,88,66.27200000000005,8.7
